DELETE FROM dbo.[CSK_Promo_Product_Promo_Map]
GO
DELETE FROM dbo.[CSK_Store_Product_Category_Map]
GO
DELETE FROM dbo.[CSK_Promo_Product_CrossSell_Map]
GO
DELETE FROM dbo.[CSK_Content_Text]
GO
DELETE FROM dbo.[CSK_Promo]
GO
DELETE FROM dbo.[CSK_Promo_Campaign]
GO
DELETE FROM dbo.[CSK_Promo_Bundle]
GO
DELETE FROM dbo.[CSK_Store_Ad]
GO
DELETE FROM dbo.[CSK_Store_AttributeTemplate]
GO
DELETE FROM dbo.[CSK_Store_Category]
GO
DELETE FROM dbo.[CSK_Store_Image]
GO
DELETE FROM dbo.[CSK_Store_ProductDescriptor]
GO
DELETE FROM dbo.[CSK_Store_Product]
GO
DELETE FROM dbo.[CSK_Store_Manufacturer]
GO
DELETE FROM dbo.[CSK_Tax_Rate]
GO

SET IDENTITY_INSERT dbo.[CSK_Content_Text] ON
PRINT 'Begin inserting data in CSK_Content_Text'
INSERT INTO  dbo.[CSK_Content_Text] ([contentID],[contentGUID],[title],[contentName],[content],[iconPath],[dateExpires],[contentGroupID],[lastEditedBy],[externalLink],[status],[listOrder],[callOut],[createdOn],[createdBy],[modifiedOn],[modifiedBy]) VALUES(1, '2227e597-d4df-4681-a557-3dd410f5cc6b', '', 'DefaultMiddle', '<img src="images\logo_dashcommerce_small.gif" /><br/><a href="http://www.mettlesystems.com" target="_blank">Mettle Systems LLC</a> has partnered with PayPal to give you a complete e-commerce and all-in-one payment solution using PayPal Website Payments Pro with Express Checkout.<br /><ul><li>Accept credit card payments without requiring the buyer to have a PayPal account.</li><li>Get PayPal''s industry-leading security fraud-prevention systems.</li><li>Take advantage of PayPal''s comprehensive online reports that help you measure sales and manage your business easily.</li></ul><p><strong>Step 1: Set Up a Verified PayPal Business Account</strong></p><p>If you don''t have an existing PayPal account:</p><ol><li><a target="_blank" href="https://www.paypal.com/us/mrb/pal=NAG62FTSWGJ5W"><span class="payPalLink">Go to Paypal</span></a></li><li>Click Sign Up Today.</li><li>Set up an account for Business Owners.</li><li>Follow the instructions on the PayPal site.</li></ol><p>If you already have a Personal or Premier account:</p><ol><li><a target="_blank" href="https://www.paypal.com/us/mrb/pal=NAG62FTSWGJ5W"><span class="payPalLink">Go to Paypal</span></a></li><li>Click the Upgrade your Account link.</li><li>Click the Upgrade Now button.</li><li>Choose to upgrade to a Business account and follow instructions to complete the upgrade.</li><li>If you haven''t already, add a bank account to become a Verified member. Follow the instructions on the PayPal site. (This process may take 2-3 business days.)</li></ol><p><strong>Step 2: Apply for Website Payments Pro</strong></p><p>Get the features of an internet merchant account and payment gateway with Website Payments Pro. Control your checkout from start to finish by integrating PayPal Website Payments Pro with dashCommerce.</p><ol><li><a target="_blank" href="https://www.paypal.com/us/mrb/pal=NAG62FTSWGJ5W"><span class="payPalLink">Go to Paypal</span></a></li><li>Login to your PayPal Business Account</li><li>Click the Merchant Services tab.</li><li>Click Website Payments Pro (U.S. Only).</li><li>Click Sign Up Now.</li><li>Fill in your information, and submit your application. Approval takes between 24 and 48 hours.</li><li>Once approved, accept the Pro billing agreement. Check the Getting Started section on the upper left of your account overview page.</li></ol><p><strong>Step 3: Get your API Account Name, API Account Password, and the API Signature.</strong></p><p><strong>Step 4: Configure the Payment System.</strong></p>' + CHAR(13) + CHAR(10) + '<br />' + CHAR(13) + CHAR(10) + '<p>Once you''ve got your account . . . </p><strong>Get Started!</strong>' + CHAR(13) + CHAR(10) + '<br />' + CHAR(13) + CHAR(10) + '<a href="admin/paymentconfiguration.aspx">Configure the Payment Provider</a>' + CHAR(13) + CHAR(10) + '<br />' + CHAR(13) + CHAR(10) + '<a href="admin/taxconfiguration.aspx">Configure the Tax Provider</a>' + CHAR(13) + CHAR(10) + '<br />' + CHAR(13) + CHAR(10) + '<a href="admin/shippingconfiguration.aspx">Configure the Shipping Providers</a>' + CHAR(13) + CHAR(10) + '<br />' + CHAR(13) + CHAR(10) + '<a href="admin/mailconfiguration.aspx">Configure the Mail Settings</a>' + CHAR(13) + CHAR(10) + '<br />' + CHAR(13) + CHAR(10) + '<a href="admin/">Set up your store!</a>' + CHAR(13) + CHAR(10) + '<p>If you wish to report a bug, please do the following:</p>' + CHAR(13) + CHAR(10) + '<ol>' + CHAR(13) + CHAR(10) + '<li>Go to <a href="http://www.codeplex.com/dashCommerce/WorkItem/List.aspx">CodePlex.</a></li>' + CHAR(13) + CHAR(10) + '<li>Then, report the issue, <strong>being as detailed as you can</strong>.</li>' + CHAR(13) + CHAR(10) + '</ol>' + CHAR(13) + CHAR(10) + '<p>We answer questions in the <a href="http://www.dashcommerce.org" target="_blank">forums</a>, so please make sure no questions go into CodePlex (we won''t answer them there).</p>' + CHAR(13) + CHAR(10) + '<p>' + CHAR(13) + CHAR(10) + '<p>If you have any issues, comments, concerns or praise (we REALLY LIKE the praise part) please visit us at <a href="http://www.dashcommerce.org">http://www.dashcommerce.org</a>.</p><p>When you are ready to launch your store, please consider using <a href="http://www.dashcommerce.org" target="_blank"><span class="payPalLink">dashCommerce Hosting</span><a/> (look for it under the "services" tab)!' + CHAR(13) + CHAR(10) + '<p>Once again, many thanks to the members of the community, our contributors, and our core team. </p>' + CHAR(13) + CHAR(10) + '<p>Christopher Cyvas<br /><a href="http://www.mettlesystems.com" target="_blank"><span class="payPalLink">Mettle Systems LLC</span></a><br/>September 29, 2007</p>'+ CHAR(13) + CHAR(10) + '', '', NULL, 0, '', '', '', 1, '', '9/29/2007 9:00:00 PM', NULL, '9/29/2007 9:00:00 PM', NULL)
INSERT INTO  dbo.[CSK_Content_Text] ([contentID],[contentGUID],[title],[contentName],[content],[iconPath],[dateExpires],[contentGroupID],[lastEditedBy],[externalLink],[status],[listOrder],[callOut],[createdOn],[createdBy],[modifiedOn],[modifiedBy]) VALUES(2, '581eaa41-b4f4-4a2b-979c-c4ee80c1e0de', '', 'MyOrdersTop', 'Below are the orders you have made with our site, sorted by date. If you have any questions about one of these orders, please don''t hesitate to ask us!', '', NULL, 0, NULL, '', '', 1, '', '5/22/2006 9:19:25 PM', '', '5/22/2006 9:19:25 PM', NULL)
INSERT INTO  dbo.[CSK_Content_Text] ([contentID],[contentGUID],[title],[contentName],[content],[iconPath],[dateExpires],[contentGroupID],[lastEditedBy],[externalLink],[status],[listOrder],[callOut],[createdOn],[createdBy],[modifiedOn],[modifiedBy]) VALUES(3, '3a3468c2-01b3-4036-a7fe-d8052e557c05', '', '404Middle', 'Looks like you might have clicked on an old link, or somwhere along the way a typo crept in. Here are some other items that might interest you though.', '', NULL, 0, NULL, '', '', 1, '', '5/26/2006 3:23:27 PM', '', '5/26/2006 3:23:27 PM', NULL)
INSERT INTO  dbo.[CSK_Content_Text] ([contentID],[contentGUID],[title],[contentName],[content],[iconPath],[dateExpires],[contentGroupID],[lastEditedBy],[externalLink],[status],[listOrder],[callOut],[createdOn],[createdBy],[modifiedOn],[modifiedBy]) VALUES(5, '17e365cd-bb41-4365-81c1-f910b5b05633', '', 'CheckoutTopLeft', '' + CHAR(13) + CHAR(10) + '		<p>' + CHAR(13) + CHAR(10) + '				<strong>What happens when you place your order?<br /></strong>When you click the "Place your order" button, we''ll send you an e-mail message acknowledging receipt of your order. Your contract to purchase an item will not be complete until we send you an e-mail notifying you that the item has been shipped. </p>' + CHAR(13) + CHAR(10) + '		<p>' + CHAR(13) + CHAR(10) + '				<strong>Returns Policy:</strong> Within 30 days of delivery, you may return new, unopened merchandise in its original condition. Exceptions and restrictions apply--read our complete <a href="#">Returns Policy</a>.<br /></p>' + CHAR(13) + CHAR(10) + '', '', NULL, 0, NULL, '', '', 1, '', '8/7/2006 8:47:12 PM', '', '8/7/2006 8:47:12 PM', NULL)
SET IDENTITY_INSERT dbo.[CSK_Content_Text] OFF
PRINT 'Finished inserting data in CSK_Content_Text'
GO

SET IDENTITY_INSERT dbo.[CSK_Promo_Campaign] ON
PRINT 'Begin inserting data in CSK_Promo_Campaign'
INSERT INTO  dbo.[CSK_Promo_Campaign] ([campaignID],[campaignName],[description],[objective],[revenueGoal],[inventoryGoal],[dateEnd],[isActive],[createdOn],[createdBy],[modifiedOn],[modifiedBy]) VALUES(1, 'After Christmas Sale', 'Moving inventory not sold in christmas sales', 'To move as many pieces of inventory off the shelves as possible. Yes.', 1500.0000, 150222, '8/17/2006 12:00:00 AM', 1, '1/1/1900 12:00:00 AM', '', '5/18/2006 3:47:04 PM', '56b0e88b-a296-4327-8a66-dc8fb69268e1')
SET IDENTITY_INSERT dbo.[CSK_Promo_Campaign] OFF
PRINT 'Finished inserting data in CSK_Promo_Campaign'
GO

SET IDENTITY_INSERT dbo.[CSK_Promo] ON
PRINT 'Begin inserting data in CSK_Promo'
INSERT INTO  dbo.[CSK_Promo] ([promoID],[campaignID],[promoCode],[title],[description],[discount],[qtyThreshold],[inventoryGoal],[revenueGoal],[dateEnd],[isActive],[createdOn],[createdBy],[modifiedOn],[modifiedBy]) VALUES(4, 1, 'ELEC1s', 'Electronics Promo', '10% off all Electronics', 10.0000, 2, 50, 15000.0000, '11/1/2006 12:00:00 AM', 1, NULL, NULL, NULL, NULL)
INSERT INTO  dbo.[CSK_Promo] ([promoID],[campaignID],[promoCode],[title],[description],[discount],[qtyThreshold],[inventoryGoal],[revenueGoal],[dateEnd],[isActive],[createdOn],[createdBy],[modifiedOn],[modifiedBy]) VALUES(6, 1, 'CAMBLOW', 'Camera Blowout!', 'Take an additional 15% off our already low prices', 15.0000, 0, 50, 5000.0000, '10/27/2006 12:00:00 AM', 1, NULL, NULL, '8/10/2006 4:54:00 PM', 'klok')
INSERT INTO  dbo.[CSK_Promo] ([promoID],[campaignID],[promoCode],[title],[description],[discount],[qtyThreshold],[inventoryGoal],[revenueGoal],[dateEnd],[isActive],[createdOn],[createdBy],[modifiedOn],[modifiedBy]) VALUES(7, 1, 'TV1', 'TV Time', 'Taking an additional 20% off of already great prices!', 20.0000, 0, 20, 45.0000, '11/12/2006 12:00:00 AM', 1, NULL, NULL, NULL, NULL)
SET IDENTITY_INSERT dbo.[CSK_Promo] OFF
PRINT 'Finished inserting data in CSK_Promo'
GO

SET IDENTITY_INSERT dbo.[CSK_Promo_Bundle] ON
PRINT 'Begin inserting data in CSK_Promo_Bundle'
SET IDENTITY_INSERT dbo.[CSK_Promo_Bundle] OFF
PRINT 'Finished inserting data in CSK_Promo_Bundle'
GO

SET IDENTITY_INSERT dbo.[CSK_Store_Ad] ON
PRINT 'Begin inserting data in CSK_Store_Ad'
INSERT INTO  dbo.[CSK_Store_Ad] ([adID],[pageName],[listOrder],[placement],[adText],[productSku],[promoID],[categoryID],[dateExpires],[isActive],[isDeleted],[createdOn],[createdBy],[modifiedOn],[modifiedBy]) VALUES(24, 'default.aspx', 0, 'Right', '' + CHAR(13) + CHAR(10) + '		<div style="PADDING-RIGHT: 10px; PADDING-LEFT: 10px; FLOAT: right; PADDING-BOTTOM: 10px; PADDING-TOP: 10px">' + CHAR(13) + CHAR(10) + '				<img height="60" src="images/productimages/Cameras/nikond70.jpg" width="70" />' + CHAR(13) + CHAR(10) + '		</div>Every day low prices on all your favorite digital cameras!', 'B0009JPRE6', 0, 0, '9/5/2006 8:14:29 PM', 0, 0, '5/17/2006 7:46:08 PM', 'admin', '8/14/2006 11:56:30 AM', 'admin')
INSERT INTO  dbo.[CSK_Store_Ad] ([adID],[pageName],[listOrder],[placement],[adText],[productSku],[promoID],[categoryID],[dateExpires],[isActive],[isDeleted],[createdOn],[createdBy],[modifiedOn],[modifiedBy]) VALUES(25, 'receipt.aspx', 0, 'Right', 'This is a Lumix ad', 'B0009QW334', 0, 0, '9/3/2006 2:17:33 PM', 0, 0, '5/26/2006 2:17:33 PM', '56b0e88b-a296-4327-8a66-dc8fb69268e1', '8/4/2006 11:55:16 AM', '56b0e88b-a296-4327-8a66-dc8fb69268e1')
INSERT INTO  dbo.[CSK_Store_Ad] ([adID],[pageName],[listOrder],[placement],[adText],[productSku],[promoID],[categoryID],[dateExpires],[isActive],[isDeleted],[createdOn],[createdBy],[modifiedOn],[modifiedBy]) VALUES(26, 'default.aspx', 0, 'Right', '' + CHAR(13) + CHAR(10) + '		<div style="float: left;">' + CHAR(13) + CHAR(10) + '				<img src="images/productimages/DVDPlayers/cobyportable.jpg" height="60" width="68" />' + CHAR(13) + CHAR(10) + '		</div>Find the DVD player you''ve been looking for! We have all the major brands, some at amazingly low prices!', '0', 0, 1, '10/12/2006 1:25:47 PM', 0, 0, '5/26/2006 2:25:00 PM', 'admin', '8/4/2006 11:55:16 AM', 'dc9279a7-7d1c-45b9-8e57-2276b29a2b2b')
INSERT INTO  dbo.[CSK_Store_Ad] ([adID],[pageName],[listOrder],[placement],[adText],[productSku],[promoID],[categoryID],[dateExpires],[isActive],[isDeleted],[createdOn],[createdBy],[modifiedOn],[modifiedBy]) VALUES(27, 'default.aspx', 0, 'Center', '' + CHAR(13) + CHAR(10) + '		<div>' + CHAR(13) + CHAR(10) + '				<div style="FLOAT: left">' + CHAR(13) + CHAR(10) + '						<img src="images/productimages/HDTVs/samsung_hlr565568w.jpg" />' + CHAR(13) + CHAR(10) + '				</div>' + CHAR(13) + CHAR(10) + '				<h5>Check out the Samsung HLR Series Hight Definition, Rock and Roll Setup</h5>Samsung TVs with DLP technology from Texas Instruments take HDTV to the next level with Samsung''s sixth-generation CinemaSmooth 1080p-light-engine high-performance display. Samsung''s innovative DNIe technology delivers a crisp, lifelike picture that''s closer to film, plus there''s never any risk of burn-in or uneven screen again. </div>' + CHAR(13) + CHAR(10) + '', 'HLR5067W', 0, 0, '9/5/2006 8:13:49 PM', 1, 0, '5/28/2006 8:13:49 PM', 'admin', '8/4/2006 11:55:16 AM', 'admin')
INSERT INTO  dbo.[CSK_Store_Ad] ([adID],[pageName],[listOrder],[placement],[adText],[productSku],[promoID],[categoryID],[dateExpires],[isActive],[isDeleted],[createdOn],[createdBy],[modifiedOn],[modifiedBy]) VALUES(28, 'default.aspx', 0, 'Center', '' + CHAR(13) + CHAR(10) + '		<div>' + CHAR(13) + CHAR(10) + '				<div style="FLOAT: right">' + CHAR(13) + CHAR(10) + '						<br />' + CHAR(13) + CHAR(10) + '				</div>' + CHAR(13) + CHAR(10) + '				<h5>Amazing deals on Computers!</h5>The easy-to-use HP m7250n Media Center PC is the complete home PC system that delivers more entertainment choices, and brings them together in one place with easy access from anywhere in the room.<br /><br /><br /><br /></div>' + CHAR(13) + CHAR(10) + '', 'B000BIZ84Y', 0, 0, '9/5/2006 8:16:05 PM', 1, 0, '5/28/2006 8:16:05 PM', 'admin', '8/4/2006 11:55:16 AM', 'admin')
INSERT INTO  dbo.[CSK_Store_Ad] ([adID],[pageName],[listOrder],[placement],[adText],[productSku],[promoID],[categoryID],[dateExpires],[isActive],[isDeleted],[createdOn],[createdBy],[modifiedOn],[modifiedBy]) VALUES(45, 'default.aspx', 0, 'Center', '', '', 0, 0, NULL, 1, 0, '7/24/2006 3:39:37 PM', NULL, '8/4/2006 11:55:16 AM', NULL)
INSERT INTO  dbo.[CSK_Store_Ad] ([adID],[pageName],[listOrder],[placement],[adText],[productSku],[promoID],[categoryID],[dateExpires],[isActive],[isDeleted],[createdOn],[createdBy],[modifiedOn],[modifiedBy]) VALUES(46, 'deets', 0, '0', '9/5/2006 8:16:05 PM', 'True', 0, 0, NULL, 1, 0, '7/24/2006 3:39:37 PM', NULL, '8/4/2006 11:55:16 AM', NULL)
SET IDENTITY_INSERT dbo.[CSK_Store_Ad] OFF
PRINT 'Finished inserting data in CSK_Store_Ad'
GO

SET IDENTITY_INSERT dbo.[CSK_Store_AttributeTemplate] ON
PRINT 'Begin inserting data in CSK_Store_AttributeTemplate'
INSERT INTO  dbo.[CSK_Store_AttributeTemplate] ([templateID],[attributeName],[selectionList],[description],[attributeTypeID],[createdOn],[createdBy],[modifiedOn],[modifiedBy]) VALUES(1, 'Color', '<?xml version="1.0"?>' + CHAR(13) + CHAR(10) + '<ArrayOfAttribute xmlns:xsi="http://www.w3.org/2001/XMLSchema-instance" xmlns:xsd="http://www.w3.org/2001/XMLSchema">' + CHAR(13) + CHAR(10) + '  <Attribute>' + CHAR(13) + CHAR(10) + '    <Selections>' + CHAR(13) + CHAR(10) + '      <AttributeSelection>' + CHAR(13) + CHAR(10) + '        <FormattedValue>Orange</FormattedValue>' + CHAR(13) + CHAR(10) + '        <Value>Orange</Value>' + CHAR(13) + CHAR(10) + '        <PriceAdjustment>0</PriceAdjustment>' + CHAR(13) + CHAR(10) + '      </AttributeSelection>' + CHAR(13) + CHAR(10) + '      <AttributeSelection>' + CHAR(13) + CHAR(10) + '        <FormattedValue>Green</FormattedValue>' + CHAR(13) + CHAR(10) + '        <Value>Green</Value>' + CHAR(13) + CHAR(10) + '        <PriceAdjustment>0</PriceAdjustment>' + CHAR(13) + CHAR(10) + '      </AttributeSelection>' + CHAR(13) + CHAR(10) + '      <AttributeSelection>' + CHAR(13) + CHAR(10) + '        <FormattedValue>Blue</FormattedValue>' + CHAR(13) + CHAR(10) + '        <Value>Blue</Value>' + CHAR(13) + CHAR(10) + '        <PriceAdjustment>0</PriceAdjustment>' + CHAR(13) + CHAR(10) + '      </AttributeSelection>' + CHAR(13) + CHAR(10) + '      <AttributeSelection>' + CHAR(13) + CHAR(10) + '        <FormattedValue>Black</FormattedValue>' + CHAR(13) + CHAR(10) + '        <Value>Black</Value>' + CHAR(13) + CHAR(10) + '        <PriceAdjustment>0</PriceAdjustment>' + CHAR(13) + CHAR(10) + '      </AttributeSelection>' + CHAR(13) + CHAR(10) + '    </Selections>' + CHAR(13) + CHAR(10) + '    <SelectionType>SingleSelection</SelectionType>' + CHAR(13) + CHAR(10) + '  </Attribute>' + CHAR(13) + CHAR(10) + '</ArrayOfAttribute>', 'Select a Color', 0, '8/9/2006 4:51:07 PM', 'admin', '8/9/2006 4:51:07 PM', 'admin')
INSERT INTO  dbo.[CSK_Store_AttributeTemplate] ([templateID],[attributeName],[selectionList],[description],[attributeTypeID],[createdOn],[createdBy],[modifiedOn],[modifiedBy]) VALUES(2, 'Engraving', '<?xml version="1.0"?>' + CHAR(13) + CHAR(10) + '<ArrayOfAttribute xmlns:xsi="http://www.w3.org/2001/XMLSchema-instance" xmlns:xsd="http://www.w3.org/2001/XMLSchema">' + CHAR(13) + CHAR(10) + '  <Attribute>' + CHAR(13) + CHAR(10) + '    <SelectionType>SingleSelection</SelectionType>' + CHAR(13) + CHAR(10) + '  </Attribute>' + CHAR(13) + CHAR(10) + '</ArrayOfAttribute>', '', 0, '8/9/2006 5:09:25 PM', 'admin', '8/9/2006 5:09:25 PM', 'admin')
SET IDENTITY_INSERT dbo.[CSK_Store_AttributeTemplate] OFF
PRINT 'Finished inserting data in CSK_Store_AttributeTemplate'
GO

SET IDENTITY_INSERT dbo.[CSK_Store_Category] ON
PRINT 'Begin inserting data in CSK_Store_Category'
INSERT INTO dbo.[CSK_Store_Category] ([categoryID],[categoryGUID],[categoryName],[imageFile],[parentID],[shortDescription],[longDescription],[listOrder],[createdOn],[createdBy],[modifiedOn],[modifiedBy]) VALUES (1,'8BFDB44B-4B24-4FC5-8356-42214DFB26C8','Home Theater','',13,'','',1,'Jan  1 1900 12:00AM','','Jan  1 1900 12:00AM','admin')
INSERT INTO dbo.[CSK_Store_Category] ([categoryID],[categoryGUID],[categoryName],[imageFile],[parentID],[shortDescription],[longDescription],[listOrder],[createdOn],[createdBy],[modifiedOn],[modifiedBy]) VALUES (10,'D0EEEF84-4715-40F1-B4C7-557272F69660','DVD Players','',1,'','',1,'12/30/1899','','12/30/1899','')
INSERT INTO dbo.[CSK_Store_Category] ([categoryID],[categoryGUID],[categoryName],[imageFile],[parentID],[shortDescription],[longDescription],[listOrder],[createdOn],[createdBy],[modifiedOn],[modifiedBy]) VALUES (13,'0244C476-5C04-47BC-94E7-7EC01668556A','Electronics','Electronics.gif',0,'Items for the geek in all of us!','<p>Items for the geek in all of us.</p>',1,'Jan  1 1900 12:00AM','','Jan  1 1900 12:00AM','admin')
INSERT INTO dbo.[CSK_Store_Category] ([categoryID],[categoryGUID],[categoryName],[imageFile],[parentID],[shortDescription],[longDescription],[listOrder],[createdOn],[createdBy],[modifiedOn],[modifiedBy]) VALUES (14,'49101A7B-560A-49D6-959A-CAA4EC4C6938','Digital Cameras','',21,'','',1,'12/30/1899','','12/30/1899','')
INSERT INTO dbo.[CSK_Store_Category] ([categoryID],[categoryGUID],[categoryName],[imageFile],[parentID],[shortDescription],[longDescription],[listOrder],[createdOn],[createdBy],[modifiedOn],[modifiedBy]) VALUES (15,'7A119DD2-F2FA-430C-AFCB-2A58E06FD276','Televisions','',1,'','',1,'12/30/1899','','12/30/1899','')
INSERT INTO dbo.[CSK_Store_Category] ([categoryID],[categoryGUID],[categoryName],[imageFile],[parentID],[shortDescription],[longDescription],[listOrder],[createdOn],[createdBy],[modifiedOn],[modifiedBy]) VALUES (16,'D9700BB3-DC17-497A-8741-D90275DD80C1','Computers','',13,'','',1,'12/30/1899','','12/30/1899','')
INSERT INTO dbo.[CSK_Store_Category] ([categoryID],[categoryGUID],[categoryName],[imageFile],[parentID],[shortDescription],[longDescription],[listOrder],[createdOn],[createdBy],[modifiedOn],[modifiedBy]) VALUES (17,'71FD626D-66AA-4833-8A97-4D62B06EE463','Laptops','',16,'','',1,'12/30/1899','','12/30/1899','')
INSERT INTO dbo.[CSK_Store_Category] ([categoryID],[categoryGUID],[categoryName],[imageFile],[parentID],[shortDescription],[longDescription],[listOrder],[createdOn],[createdBy],[modifiedOn],[modifiedBy]) VALUES (18,'4ED11C27-BBB0-4043-B904-BEFC330FB1BC','Games','/csk11/images/pageheaders/no_image.gif',0,'Time to exit reality? This is your place','<p>A video game is like a good book. Or at least that''s what you should tell your spouse.</p>',99,'Jan  1 1900 12:00AM','','Jan  1 1900 12:00AM','56b0e88b-a296-4327-8a66-dc8fb69268e1')
INSERT INTO dbo.[CSK_Store_Category] ([categoryID],[categoryGUID],[categoryName],[imageFile],[parentID],[shortDescription],[longDescription],[listOrder],[createdOn],[createdBy],[modifiedOn],[modifiedBy]) VALUES (21,'D8C9E55C-F666-48CA-A8EC-343AEB69B0B9','Gadgets','',13,'','',99,'12/30/1899','','12/30/1899','')
INSERT INTO dbo.[CSK_Store_Category] ([categoryID],[categoryGUID],[categoryName],[imageFile],[parentID],[shortDescription],[longDescription],[listOrder],[createdOn],[createdBy],[modifiedOn],[modifiedBy]) VALUES (32,'BDF955BC-1B3B-45DA-B2F9-60525E662B0F','Role-Playing','',18,'Tired of LARPing? Does your Video Pal phreak when all your bases are belong to us? It''s time for you to take it all inside and lock the world away.','',99,'May 27 2006  1:46PM','56b0e88b-a296-4327-8a66-dc8fb69268e1','May 27 2006  1:46PM','56b0e88b-a296-4327-8a66-dc8fb69268e1')
INSERT INTO dbo.[CSK_Store_Category] ([categoryID],[categoryGUID],[categoryName],[imageFile],[parentID],[shortDescription],[longDescription],[listOrder],[createdOn],[createdBy],[modifiedOn],[modifiedBy]) VALUES (33,'3DA031F6-E901-4F5B-9062-39E02A94A068','FPS','',18,'','',99,'May 27 2006  1:46PM','56b0e88b-a296-4327-8a66-dc8fb69268e1','May 27 2006  1:46PM','56b0e88b-a296-4327-8a66-dc8fb69268e1')
INSERT INTO dbo.[CSK_Store_Category] ([categoryID],[categoryGUID],[categoryName],[imageFile],[parentID],[shortDescription],[longDescription],[listOrder],[createdOn],[createdBy],[modifiedOn],[modifiedBy]) VALUES (34,'4B224109-A863-4DAA-B560-2CDCF604216E','Kids','',18,'','',99,'May 27 2006  1:46PM','56b0e88b-a296-4327-8a66-dc8fb69268e1','May 27 2006  1:46PM','56b0e88b-a296-4327-8a66-dc8fb69268e1')
INSERT INTO dbo.[CSK_Store_Category] ([categoryID],[categoryGUID],[categoryName],[imageFile],[parentID],[shortDescription],[longDescription],[listOrder],[createdOn],[createdBy],[modifiedOn],[modifiedBy]) VALUES (35,'8FA63A4F-FF07-4495-959F-93ADF2C735F8','Analog','',18,'','',99,'May 27 2006  1:46PM','56b0e88b-a296-4327-8a66-dc8fb69268e1','May 27 2006  1:46PM','56b0e88b-a296-4327-8a66-dc8fb69268e1')
SET IDENTITY_INSERT dbo.[CSK_Store_Category] OFF
PRINT 'Finished inserting data in CSK_Store_Category'
GO

SET IDENTITY_INSERT dbo.[CSK_Store_Manufacturer] ON
PRINT 'Begin inserting data in CSK_Store_Manufacturer'
INSERT INTO  dbo.[CSK_Store_Manufacturer] ([manufacturerID],[manufacturer],[createdOn],[createdBy],[modifiedOn],[modifiedBy]) VALUES(1, 'Hewlett Packardy', NULL, NULL, NULL, NULL)
INSERT INTO  dbo.[CSK_Store_Manufacturer] ([manufacturerID],[manufacturer],[createdOn],[createdBy],[modifiedOn],[modifiedBy]) VALUES(6, 'Panasonic', NULL, NULL, NULL, NULL)
INSERT INTO  dbo.[CSK_Store_Manufacturer] ([manufacturerID],[manufacturer],[createdOn],[createdBy],[modifiedOn],[modifiedBy]) VALUES(7, 'Nikon', NULL, NULL, NULL, NULL)
INSERT INTO  dbo.[CSK_Store_Manufacturer] ([manufacturerID],[manufacturer],[createdOn],[createdBy],[modifiedOn],[modifiedBy]) VALUES(9, 'Olympus', NULL, NULL, NULL, NULL)
INSERT INTO  dbo.[CSK_Store_Manufacturer] ([manufacturerID],[manufacturer],[createdOn],[createdBy],[modifiedOn],[modifiedBy]) VALUES(10, 'Samsung', NULL, NULL, NULL, NULL)
INSERT INTO  dbo.[CSK_Store_Manufacturer] ([manufacturerID],[manufacturer],[createdOn],[createdBy],[modifiedOn],[modifiedBy]) VALUES(11, 'Sony', NULL, NULL, NULL, NULL)
INSERT INTO  dbo.[CSK_Store_Manufacturer] ([manufacturerID],[manufacturer],[createdOn],[createdBy],[modifiedOn],[modifiedBy]) VALUES(12, 'Casio', NULL, NULL, NULL, NULL)
INSERT INTO  dbo.[CSK_Store_Manufacturer] ([manufacturerID],[manufacturer],[createdOn],[createdBy],[modifiedOn],[modifiedBy]) VALUES(13, 'Coby', NULL, NULL, NULL, NULL)
INSERT INTO  dbo.[CSK_Store_Manufacturer] ([manufacturerID],[manufacturer],[createdOn],[createdBy],[modifiedOn],[modifiedBy]) VALUES(14, 'Cyberhome', NULL, NULL, NULL, NULL)
INSERT INTO  dbo.[CSK_Store_Manufacturer] ([manufacturerID],[manufacturer],[createdOn],[createdBy],[modifiedOn],[modifiedBy]) VALUES(15, 'Compaq', NULL, NULL, NULL, NULL)
INSERT INTO  dbo.[CSK_Store_Manufacturer] ([manufacturerID],[manufacturer],[createdOn],[createdBy],[modifiedOn],[modifiedBy]) VALUES(16, 'Apple', NULL, NULL, NULL, NULL)
INSERT INTO  dbo.[CSK_Store_Manufacturer] ([manufacturerID],[manufacturer],[createdOn],[createdBy],[modifiedOn],[modifiedBy]) VALUES(17, 'Toshiba', NULL, NULL, NULL, NULL)
INSERT INTO  dbo.[CSK_Store_Manufacturer] ([manufacturerID],[manufacturer],[createdOn],[createdBy],[modifiedOn],[modifiedBy]) VALUES(19, 'ScanDisk', NULL, NULL, NULL, NULL)
INSERT INTO  dbo.[CSK_Store_Manufacturer] ([manufacturerID],[manufacturer],[createdOn],[createdBy],[modifiedOn],[modifiedBy]) VALUES(20, 'EA Games', '5/27/2006 2:06:50 PM', '56b0e88b-a296-4327-8a66-dc8fb69268e1', '5/27/2006 2:06:50 PM', '56b0e88b-a296-4327-8a66-dc8fb69268e1')
INSERT INTO  dbo.[CSK_Store_Manufacturer] ([manufacturerID],[manufacturer],[createdOn],[createdBy],[modifiedOn],[modifiedBy]) VALUES(21, 'NC Soft', '5/28/2006 1:47:51 PM', '56b0e88b-a296-4327-8a66-dc8fb69268e1', '5/28/2006 1:47:51 PM', '56b0e88b-a296-4327-8a66-dc8fb69268e1')
INSERT INTO  dbo.[CSK_Store_Manufacturer] ([manufacturerID],[manufacturer],[createdOn],[createdBy],[modifiedOn],[modifiedBy]) VALUES(22, 'Klondike Cat', '8/11/2006 4:10:53 PM', NULL, '8/11/2006 4:10:53 PM', NULL)
SET IDENTITY_INSERT dbo.[CSK_Store_Manufacturer] OFF
PRINT 'Finished inserting data in CSK_Store_Manufacturer'
GO

SET IDENTITY_INSERT dbo.[CSK_Store_Product] ON
PRINT 'Begin inserting data in CSK_Store_Product'
INSERT INTO dbo.[CSK_Store_Product] ([productID],[sku],[productGUID],[productName],[shortDescription],[manufacturerID],[attributeXML],[statusID],[productTypeID],[shippingTypeID],[shipEstimateID],[taxTypeID],[stockLocation],[ourPrice],[retailPrice],[weight],[currencyCode],[unitOfMeasure],[adminComments],[length],[height],[width],[dimensionUnit],[isDeleted],[listOrder],[ratingSum],[totalRatingVotes],[defaultImage],[createdOn],[createdBy],[modifiedOn],[modifiedBy]) VALUES (1,'B0009QW334','AACCAA0A-2009-4478-9EAC-B601A479244A','Panasonic Lumix DMC-FZ30K 8MP Digital Camera with 12x Image Stabilized Optical Zoom ','The DMC-FZ30''s Leica DC Vario-Elmarit lens features 14 elements in 8 groups, including 3 aspherical lenses and an ED (extra-low dispersion) lens which helps to suppress the color bleeding that often occurs in telephoto shots, plus a 12x optical zoom (35mm equivalent: 35 to 420mm). ',6,'<?xml version="1.0"?>' + CHAR(13) + CHAR(10) + '<ArrayOfAttribute xmlns:xsi="http://www.w3.org/2001/XMLSchema-instance" xmlns:xsd="http://www.w3.org/2001/XMLSchema">' + CHAR(13) + CHAR(10) + '  <Attribute>' + CHAR(13) + CHAR(10) + '    <Name>Size</Name>' + CHAR(13) + CHAR(10) + '    <Description />' + CHAR(13) + CHAR(10) + '    <Selections>' + CHAR(13) + CHAR(10) + '      <AttributeSelection>' + CHAR(13) + CHAR(10) + '        <Value>Small</Value>' + CHAR(13) + CHAR(10) + '        <PriceAdjustment>0</PriceAdjustment>' + CHAR(13) + CHAR(10) + '      </AttributeSelection>' + CHAR(13) + CHAR(10) + '      <AttributeSelection>' + CHAR(13) + CHAR(10) + '        <Value>' + CHAR(10) + 'Medium</Value>' + CHAR(13) + CHAR(10) + '        <PriceAdjustment>0</PriceAdjustment>' + CHAR(13) + CHAR(10) + '      </AttributeSelection>' + CHAR(13) + CHAR(10) + '      <AttributeSelection>' + CHAR(13) + CHAR(10) + '        <Value>' + CHAR(10) + 'Large</Value>' + CHAR(13) + CHAR(10) + '        <PriceAdjustment>0</PriceAdjustment>' + CHAR(13) + CHAR(10) + '      </AttributeSelection>' + CHAR(13) + CHAR(10) + '      <AttributeSelection>' + CHAR(13) + CHAR(10) + '        <Value>' + CHAR(10) + 'XL</Value>' + CHAR(13) + CHAR(10) + '        <PriceAdjustment>0</PriceAdjustment>' + CHAR(13) + CHAR(10) + '      </AttributeSelection>' + CHAR(13) + CHAR(10) + '    </Selections>' + CHAR(13) + CHAR(10) + '    <SelectionType>MultipleSelection</SelectionType>' + CHAR(13) + CHAR(10) + '  </Attribute>' + CHAR(13) + CHAR(10) + '</ArrayOfAttribute>',2,3,1,1,1,'Shelf 12A Row 13M',455.12,558.50,5.0000,'USD','item','',5,5,10,'inches',0,2,4,1,'images/productimages/Cameras/lumixDMC.jpg','Jan  1 1900 12:00AM','','Jul 19 2006  4:32PM','56b0e88b-a296-4327-8a66-dc8fb69268e1')
INSERT INTO dbo.[CSK_Store_Product] ([productID],[sku],[productGUID],[productName],[shortDescription],[manufacturerID],[attributeXML],[statusID],[productTypeID],[shippingTypeID],[shipEstimateID],[taxTypeID],[stockLocation],[ourPrice],[retailPrice],[weight],[currencyCode],[unitOfMeasure],[adminComments],[length],[height],[width],[dimensionUnit],[isDeleted],[listOrder],[ratingSum],[totalRatingVotes],[defaultImage],[createdOn],[createdBy],[modifiedOn],[modifiedBy]) VALUES (2,'B0009JPRE6','BA6E6B1F-03B9-43C0-B01F-C6C22A14060F','NIKON D70S SLR Digital Camera Kit with Nikon Zoom Lens 25226','Based on the award-winning image quality, high performance and user-friendliness of the Nikon D70, the D70s offers several refinements that will further enhance your digital SLR experience. For starters the D70s features a 6.1 effective megapixel Nikon DX format CCD that yields 3,008 x 2,000-pixel images that are suitable for making large prints, or for creative cropping to bring out detail.',7,'<?xml version="1.0"?>' + CHAR(13) + CHAR(10) + '<ArrayOfAttribute xmlns:xsi="http://www.w3.org/2001/XMLSchema-instance" xmlns:xsd="http://www.w3.org/2001/XMLSchema">' + CHAR(13) + CHAR(10) + '  <Attribute>' + CHAR(13) + CHAR(10) + '    <Name>Color</Name>' + CHAR(13) + CHAR(10) + '    <Description />' + CHAR(13) + CHAR(10) + '    <Selections>' + CHAR(13) + CHAR(10) + '      <AttributeSelection>' + CHAR(13) + CHAR(10) + '        <FormattedValue>Black ($25.00)</FormattedValue>' + CHAR(13) + CHAR(10) + '        <Value>Black</Value>' + CHAR(13) + CHAR(10) + '        <PriceAdjustment>-25</PriceAdjustment>' + CHAR(13) + CHAR(10) + '      </AttributeSelection>' + CHAR(13) + CHAR(10) + '      <AttributeSelection>' + CHAR(13) + CHAR(10) + '        <FormattedValue>Green +$50.00</FormattedValue>' + CHAR(13) + CHAR(10) + '        <Value>Green</Value>' + CHAR(13) + CHAR(10) + '        <PriceAdjustment>50</PriceAdjustment>' + CHAR(13) + CHAR(10) + '      </AttributeSelection>' + CHAR(13) + CHAR(10) + '      <AttributeSelection>' + CHAR(13) + CHAR(10) + '        <FormattedValue>Pink +$100.00</FormattedValue>' + CHAR(13) + CHAR(10) + '        <Value>Pink</Value>' + CHAR(13) + CHAR(10) + '        <PriceAdjustment>100</PriceAdjustment>' + CHAR(13) + CHAR(10) + '      </AttributeSelection>' + CHAR(13) + CHAR(10) + '    </Selections>' + CHAR(13) + CHAR(10) + '    <SelectionType>SingleSelection</SelectionType>' + CHAR(13) + CHAR(10) + '  </Attribute>' + CHAR(13) + CHAR(10) + '</ArrayOfAttribute>',1,3,1,1,1,'ROW1, Shelf 3',566.00,856.00,8.0000,'USD','item','',5,5,10,'inches',0,2,8,2,'images/productimages/Cameras/nikon5.jpg','12/30/1899','','Aug 11 2006  5:45PM','klok')
INSERT INTO dbo.[CSK_Store_Product] ([productID],[sku],[productGUID],[productName],[shortDescription],[manufacturerID],[attributeXML],[statusID],[productTypeID],[shippingTypeID],[shipEstimateID],[taxTypeID],[stockLocation],[ourPrice],[retailPrice],[weight],[currencyCode],[unitOfMeasure],[adminComments],[length],[height],[width],[dimensionUnit],[isDeleted],[listOrder],[ratingSum],[totalRatingVotes],[defaultImage],[createdOn],[createdBy],[modifiedOn],[modifiedBy]) VALUES (3,'B0009N4OPK','00AAF97E-7397-483D-9BF3-04ED969EED04','Olympus Stylus 800 8MP Digital Camera with 3x Optical Zoom','Olympus once again demonstrates that digital camera design is about more than just the number of pixels and the size of the LCD--it''s about functionality. The Stylus 800 delivers power, performance, and enhanced usability with an array of innovative technologies.',9,'',1,3,1,1,1,'Row2, Item 12',400.00,455.00,5.0000,'USD','item','',3,3,8,'inches',0,3,4,1,'images/productimages/Cameras/olympusStylus.jpg','12/30/1899','','12/30/1899','')
INSERT INTO dbo.[CSK_Store_Product] ([productID],[sku],[productGUID],[productName],[shortDescription],[manufacturerID],[attributeXML],[statusID],[productTypeID],[shippingTypeID],[shipEstimateID],[taxTypeID],[stockLocation],[ourPrice],[retailPrice],[weight],[currencyCode],[unitOfMeasure],[adminComments],[length],[height],[width],[dimensionUnit],[isDeleted],[listOrder],[ratingSum],[totalRatingVotes],[defaultImage],[createdOn],[createdBy],[modifiedOn],[modifiedBy]) VALUES (4,'B000BBS4F6','8341CC6F-3DCA-468D-9C8A-E24975F4322C','Samsung Digimax i5 5MP Digital Camera with 3x Optical Zoom ','The Digimax i5 achieves clearer image quality by integrating the 3x optical zoom capability with Samsung''s exclusive SHD lens technology, recognized throughout the world. With a 5-megapixel CCD that utilizes primary color filtering technology, it provides excellent sensitivity and color reproduction, and can be used for great pictures as well as shooting text for printing. ',10,'',1,3,2,1,1,'Row 88, Shelf 12',299.00,359.00,2.0000,'USD','single item','',2,2,4,'inches',0,4,4,1,'images/productimages/Cameras/samsung_red.jpg','12/30/1899','','12/30/1899','')
INSERT INTO dbo.[CSK_Store_Product] ([productID],[sku],[productGUID],[productName],[shortDescription],[manufacturerID],[attributeXML],[statusID],[productTypeID],[shippingTypeID],[shipEstimateID],[taxTypeID],[stockLocation],[ourPrice],[retailPrice],[weight],[currencyCode],[unitOfMeasure],[adminComments],[length],[height],[width],[dimensionUnit],[isDeleted],[listOrder],[ratingSum],[totalRatingVotes],[defaultImage],[createdOn],[createdBy],[modifiedOn],[modifiedBy]) VALUES (5,'HLR5067W','698CA353-641F-4C0D-B279-979EE2BDFD3C','Samsung HL-R5067W 50 DLP HD-Ready Projection TV with Digital Cable Ready Tuner','Get the sharpest and clearest images possible from HD and standard TV and your favorite DVD movies with the 50-inch Samsung HL-R5067W DLP projection TV. This relatively lightweight TV weighs less than 73 pounds and measures just 14 inches deep, helping you to avoid sacrificing precious real estate in your home. ',10,'',1,3,1,2,1,'ROW Q34, Shelf 3',2995.35,3295.00,45.0000,'USD','single item','',46,56,32,'inches',0,1,4,1,'images/productimages/HDTVs/tvsamsunghlr506.jpg','12/30/1899','','12/30/1899','')
INSERT INTO dbo.[CSK_Store_Product] ([productID],[sku],[productGUID],[productName],[shortDescription],[manufacturerID],[attributeXML],[statusID],[productTypeID],[shippingTypeID],[shipEstimateID],[taxTypeID],[stockLocation],[ourPrice],[retailPrice],[weight],[currencyCode],[unitOfMeasure],[adminComments],[length],[height],[width],[dimensionUnit],[isDeleted],[listOrder],[ratingSum],[totalRatingVotes],[defaultImage],[createdOn],[createdBy],[modifiedOn],[modifiedBy]) VALUES (6,'B000A2K3Y6','897D7BE8-08BD-4863-AB78-0DE44D6724F6','Sony KDFE50A10 50" LCD Rear Projection Television','Bring a true cinema experience into your own living room with the 50-inch Sony KDFE50A10 rear-projection LCD TV, which features a new design with a thin dark black bezel, a compact body and invisible speakers located at the bottom of the set. It features built-in analog (NTSC) and HDTV digital (ATSC) tuners. ',11,'',1,3,1,1,1,'Row 13, Shelf 33, Item 1',1599.00,1899.00,56.0000,'USD','single item','',56,88,16,'inches',0,6,4,1,'images/productimages/HDTVs/tv_sonykdfea.jpg','12/30/1899','','12/30/1899','')
INSERT INTO dbo.[CSK_Store_Product] ([productID],[sku],[productGUID],[productName],[shortDescription],[manufacturerID],[attributeXML],[statusID],[productTypeID],[shippingTypeID],[shipEstimateID],[taxTypeID],[stockLocation],[ourPrice],[retailPrice],[weight],[currencyCode],[unitOfMeasure],[adminComments],[length],[height],[width],[dimensionUnit],[isDeleted],[listOrder],[ratingSum],[totalRatingVotes],[defaultImage],[createdOn],[createdBy],[modifiedOn],[modifiedBy]) VALUES (14,'B000AYJQCY','BEBFE2F7-8DE7-4C80-BB5B-85FE7C997978','SAMSUNG HLR56568W 56" Widescreen DLP HD','Samsung TVs with DLP technology from Texas Instruments take HDTV to the next level with Samsung''s sixth-generation CinemaSmooth 1080p-light-engine high-performance display. Samsung''s innovative DNIe technology delivers a crisp, lifelike picture that''s closer to film, plus there''s never any risk of burn-in or uneven screen aging.',10,'',1,3,1,1,1,'Row 33, Shelf 11, Item 90',2995.98,3350.00,65.0000,'USD','single item','',65,56,48,'inches',0,8,4,1,'images/productimages/HDTVs/samsung_hlr565568w.jpg','12/30/1899','','12/30/1899','')
INSERT INTO dbo.[CSK_Store_Product] ([productID],[sku],[productGUID],[productName],[shortDescription],[manufacturerID],[attributeXML],[statusID],[productTypeID],[shippingTypeID],[shipEstimateID],[taxTypeID],[stockLocation],[ourPrice],[retailPrice],[weight],[currencyCode],[unitOfMeasure],[adminComments],[length],[height],[width],[dimensionUnit],[isDeleted],[listOrder],[ratingSum],[totalRatingVotes],[defaultImage],[createdOn],[createdBy],[modifiedOn],[modifiedBy]) VALUES (15,'B00009W3G3','52649A8F-0A44-4A6D-A565-12541A4A0DAD','Casio EV-4500 Portable LCD TV with 4" Active-Matrix Display and Desktop Stand','Measuring about the size of a double CD, Casio''s EV-4500 lets you enjoy clear televised images wherever you go with its 4-inch active-matrix, thin-film-resistor LCD.',12,'',1,3,1,1,1,'Row 33, Shelf 8, Item 4',249.00,289.00,5.0000,'USD','single item','',5,5,12,'inches',0,9,4,1,'images/productimages/HDTVs/casiotv.jpg','12/30/1899','','12/30/1899','')
INSERT INTO dbo.[CSK_Store_Product] ([productID],[sku],[productGUID],[productName],[shortDescription],[manufacturerID],[attributeXML],[statusID],[productTypeID],[shippingTypeID],[shipEstimateID],[taxTypeID],[stockLocation],[ourPrice],[retailPrice],[weight],[currencyCode],[unitOfMeasure],[adminComments],[length],[height],[width],[dimensionUnit],[isDeleted],[listOrder],[ratingSum],[totalRatingVotes],[defaultImage],[createdOn],[createdBy],[modifiedOn],[modifiedBy]) VALUES (16,'TFDVD7100','256E33ED-F5EC-45D2-BA05-F33FC32B6124','Coby TFDVD7100 Portable DVD Player','Take your favorite movies and music on the road with Coby''s TF-DVD7100. This affordable portable player is compatible with DVD-Video (both NTSC- and PAL-formatted discs), audio CD, CD-R, CD-RW, and MP3-encoded discs.',13,'',1,3,1,1,1,'Row 90, Shelf 22, Item 12',165.00,250.00,5.0000,'USD','single item','',6,6,12,'inches',0,10,4,1,'images/productimages/DVDPlayers/cobyportable.jpg','12/30/1899','','12/30/1899','')
INSERT INTO dbo.[CSK_Store_Product] ([productID],[sku],[productGUID],[productName],[shortDescription],[manufacturerID],[attributeXML],[statusID],[productTypeID],[shippingTypeID],[shipEstimateID],[taxTypeID],[stockLocation],[ourPrice],[retailPrice],[weight],[currencyCode],[unitOfMeasure],[adminComments],[length],[height],[width],[dimensionUnit],[isDeleted],[listOrder],[ratingSum],[totalRatingVotes],[defaultImage],[createdOn],[createdBy],[modifiedOn],[modifiedBy]) VALUES (17,'B0000A0AJH','1868D699-4755-49A2-9DEB-911DB47163D2','CyberHome CH-DVD 300S Progressive-Scan DVD Player ','Offering a downright amazing feature set for such an affordable price, Cyber Home''s compact CH-DVD 300S makes a rich and promising starter player.',14,'',1,3,1,1,1,'Row 34, Shelf 123, Item 39',259.00,289.00,9.0000,'USD','single item','',8,8,12,'inches',0,15,4,1,'images/productimages/DVDPlayers/cyberhomedvd.jpg','12/30/1899','','12/30/1899','')
INSERT INTO dbo.[CSK_Store_Product] ([productID],[sku],[productGUID],[productName],[shortDescription],[manufacturerID],[attributeXML],[statusID],[productTypeID],[shippingTypeID],[shipEstimateID],[taxTypeID],[stockLocation],[ourPrice],[retailPrice],[weight],[currencyCode],[unitOfMeasure],[adminComments],[length],[height],[width],[dimensionUnit],[isDeleted],[listOrder],[ratingSum],[totalRatingVotes],[defaultImage],[createdOn],[createdBy],[modifiedOn],[modifiedBy]) VALUES (18,'B000BC2FUK','71B77D30-C603-4DAA-84B9-0F92BAA4F311','HP Pavilion a1220n Desktop PC','The HP Pavilion a1220n comes loaded with the all tools you need to easily create, manage, share, and enjoy your digital photos, home videos, movies, and music.',1,'',1,3,1,1,1,'Row 88, Shelf 12, Item 20',650.00,899.00,28.0000,'USD','single item','',25,65,23,'inches',0,15,3,1,'images/productimages/Computers/hp1220.jpg','12/30/1899','','12/30/1899','')
INSERT INTO dbo.[CSK_Store_Product] ([productID],[sku],[productGUID],[productName],[shortDescription],[manufacturerID],[attributeXML],[statusID],[productTypeID],[shippingTypeID],[shipEstimateID],[taxTypeID],[stockLocation],[ourPrice],[retailPrice],[weight],[currencyCode],[unitOfMeasure],[adminComments],[length],[height],[width],[dimensionUnit],[isDeleted],[listOrder],[ratingSum],[totalRatingVotes],[defaultImage],[createdOn],[createdBy],[modifiedOn],[modifiedBy]) VALUES (19,'B000BIZ84Y','01E0583D-D6A3-4D12-911B-567366AE165B','HP Media Center m7250n Photosmart PC ','The easy-to-use HP m7250n Media Center PC is the complete home PC system that delivers more entertainment choices, and brings them together in one place with easy access from anywhere in the room.',1,'',1,3,1,1,1,'',899.00,1050.00,25.0000,'USD','single item','',25,45,60,'inches',0,19,5,1,'images/productimages/Computers/hpmediacenter.jpg','12/30/1899','','12/30/1899','')
INSERT INTO dbo.[CSK_Store_Product] ([productID],[sku],[productGUID],[productName],[shortDescription],[manufacturerID],[attributeXML],[statusID],[productTypeID],[shippingTypeID],[shipEstimateID],[taxTypeID],[stockLocation],[ourPrice],[retailPrice],[weight],[currencyCode],[unitOfMeasure],[adminComments],[length],[height],[width],[dimensionUnit],[isDeleted],[listOrder],[ratingSum],[totalRatingVotes],[defaultImage],[createdOn],[createdBy],[modifiedOn],[modifiedBy]) VALUES (20,'B0002AG9HG ','20CE68D8-5082-4091-9991-2BFF9FAD19B2','Compaq Evo D510 Space Saver ','When space is a consideration, the Compaq Evo D510 Space Saver is ideal, offering a compact solution that meets enterprise-computing needs. ',15,'',1,3,1,1,1,'',250.00,289.00,12.0000,'USD','single item','',6,6,12,'inches',0,19,4,1,'images/productimages/Computers/compaqevo.jpg','12/30/1899','','12/30/1899','')
INSERT INTO dbo.[CSK_Store_Product] ([productID],[sku],[productGUID],[productName],[shortDescription],[manufacturerID],[attributeXML],[statusID],[productTypeID],[shippingTypeID],[shipEstimateID],[taxTypeID],[stockLocation],[ourPrice],[retailPrice],[weight],[currencyCode],[unitOfMeasure],[adminComments],[length],[height],[width],[dimensionUnit],[isDeleted],[listOrder],[ratingSum],[totalRatingVotes],[defaultImage],[createdOn],[createdBy],[modifiedOn],[modifiedBy]) VALUES (21,'B0009U7WZM ','5E9F32C7-D3AE-4569-B0BE-16FF6FACF028','Apple iBook Notebook 12.1" M9846LL/A','Surf the Web, chat with friends, do homework, play games, even burn DVDs and CDs to create your own video or musical masterpiece. In your favorite caf. At 2 a.m. With built-in wireless capability and 512MB of memory standard, the iBook G4 delivers today''s digital lifestyle to your backpack. ',16,'<?xml version="1.0"?>' + CHAR(13) + CHAR(10) + '<ArrayOfAttribute xmlns:xsi="http://www.w3.org/2001/XMLSchema-instance" xmlns:xsd="http://www.w3.org/2001/XMLSchema">' + CHAR(13) + CHAR(10) + '  <Attribute>' + CHAR(13) + CHAR(10) + '    <Name>Color</Name>' + CHAR(13) + CHAR(10) + '    <Description>Choose a color to rock out!</Description>' + CHAR(13) + CHAR(10) + '    <Selections>' + CHAR(13) + CHAR(10) + '      <AttributeSelection>' + CHAR(13) + CHAR(10) + '        <FormattedValue>Blue</FormattedValue>' + CHAR(13) + CHAR(10) + '        <Value>Blue</Value>' + CHAR(13) + CHAR(10) + '        <PriceAdjustment>0</PriceAdjustment>' + CHAR(13) + CHAR(10) + '      </AttributeSelection>' + CHAR(13) + CHAR(10) + '      <AttributeSelection>' + CHAR(13) + CHAR(10) + '        <FormattedValue>Green</FormattedValue>' + CHAR(13) + CHAR(10) + '        <Value>Green</Value>' + CHAR(13) + CHAR(10) + '        <PriceAdjustment>0</PriceAdjustment>' + CHAR(13) + CHAR(10) + '      </AttributeSelection>' + CHAR(13) + CHAR(10) + '      <AttributeSelection>' + CHAR(13) + CHAR(10) + '        <FormattedValue>Orange</FormattedValue>' + CHAR(13) + CHAR(10) + '        <Value>Orange</Value>' + CHAR(13) + CHAR(10) + '        <PriceAdjustment>0</PriceAdjustment>' + CHAR(13) + CHAR(10) + '      </AttributeSelection>' + CHAR(13) + CHAR(10) + '      <AttributeSelection>' + CHAR(13) + CHAR(10) + '        <FormattedValue>Silver Bullet +$200.00</FormattedValue>' + CHAR(13) + CHAR(10) + '        <Value>Silver Bullet</Value>' + CHAR(13) + CHAR(10) + '        <PriceAdjustment>200</PriceAdjustment>' + CHAR(13) + CHAR(10) + '      </AttributeSelection>' + CHAR(13) + CHAR(10) + '    </Selections>' + CHAR(13) + CHAR(10) + '    <SelectionType>SingleSelection</SelectionType>' + CHAR(13) + CHAR(10) + '  </Attribute>' + CHAR(13) + CHAR(10) + '  <Attribute>' + CHAR(13) + CHAR(10) + '    <Name>Engraving</Name>' + CHAR(13) + CHAR(10) + '    <Description />' + CHAR(13) + CHAR(10) + '    <Selections>' + CHAR(13) + CHAR(10) + '      <AttributeSelection>' + CHAR(13) + CHAR(10) + '        <FormattedValue />' + CHAR(13) + CHAR(10) + '        <Value />' + CHAR(13) + CHAR(10) + '        <PriceAdjustment>0</PriceAdjustment>' + CHAR(13) + CHAR(10) + '      </AttributeSelection>' + CHAR(13) + CHAR(10) + '    </Selections>' + CHAR(13) + CHAR(10) + '    <SelectionType>UserInput</SelectionType>' + CHAR(13) + CHAR(10) + '  </Attribute>' + CHAR(13) + CHAR(10) + '</ArrayOfAttribute>',1,1,1,1,1,'',1899.00,2199.00,20.0000,'USD','single item','',8,8,12,'inches',0,21,4,1,'images/productimages/Computers/applelaptop.jpg','12/30/1899','','12/30/1899','')
INSERT INTO dbo.[CSK_Store_Product] ([productID],[sku],[productGUID],[productName],[shortDescription],[manufacturerID],[attributeXML],[statusID],[productTypeID],[shippingTypeID],[shipEstimateID],[taxTypeID],[stockLocation],[ourPrice],[retailPrice],[weight],[currencyCode],[unitOfMeasure],[adminComments],[length],[height],[width],[dimensionUnit],[isDeleted],[listOrder],[ratingSum],[totalRatingVotes],[defaultImage],[createdOn],[createdBy],[modifiedOn],[modifiedBy]) VALUES (22,'B000BKJOQ0 ','B9F391D2-D7E5-4426-A582-33DC20167307','Sony VAIO VGN-TX650P/B 11.1" Notebook PC ','Take a load off your shoulders when you''re racing for your plane with the sleekly designed and ultra-portable Sony Vaio VGN-TX650P/B notebook PC, which weighs just an amazing 2.76 pounds.',11,'',1,1,1,1,1,'',1750.00,1925.00,20.0000,'USD','single item','',9,9,15,'inches',0,21,5,1,'images/productimages/Computers/vaio.jpg','12/30/1899','','12/30/1899','')
INSERT INTO dbo.[CSK_Store_Product] ([productID],[sku],[productGUID],[productName],[shortDescription],[manufacturerID],[attributeXML],[statusID],[productTypeID],[shippingTypeID],[shipEstimateID],[taxTypeID],[stockLocation],[ourPrice],[retailPrice],[weight],[currencyCode],[unitOfMeasure],[adminComments],[length],[height],[width],[dimensionUnit],[isDeleted],[listOrder],[ratingSum],[totalRatingVotes],[defaultImage],[createdOn],[createdBy],[modifiedOn],[modifiedBy]) VALUES (23,'B000BJFCPS ','7946DCD8-9D71-4778-975B-555422777FA1','Toshiba Satellite M45-S269 15.4" Notebook PC ','Easily mobile at just 6.2 pounds, the Toshiba Satellite M45-S269 makes it easy to get your work done with a large, bright 15.4-inch screen (which is also great for watching DVD movies when you need a break).',17,'',1,3,2,2,1,'',1999.00,2250.00,22.0000,'USD','single item','',6,6,12,'inches',0,12,4,1,'images/productimages/Computers/toshibalaptop.jpg','12/30/1899','','12/30/1899','')
INSERT INTO dbo.[CSK_Store_Product] ([productID],[sku],[productGUID],[productName],[shortDescription],[manufacturerID],[attributeXML],[statusID],[productTypeID],[shippingTypeID],[shipEstimateID],[taxTypeID],[stockLocation],[ourPrice],[retailPrice],[weight],[currencyCode],[unitOfMeasure],[adminComments],[length],[height],[width],[dimensionUnit],[isDeleted],[listOrder],[ratingSum],[totalRatingVotes],[defaultImage],[createdOn],[createdBy],[modifiedOn],[modifiedBy]) VALUES (24,'BATTERY1','483872DF-4D6D-45AC-94F6-BBFC5EAA694C','Rechargeable Lithium-Ion Battery Pack','Li-ion Rechargeable Battery for D70, as supplied with D70 Digital SLR camera. Keeping a spare battery on hand ensures that you will always be ready to capture the images you want most.',7,'',1,3,1,1,1,'Shelf 12, ROw 8, Item 3',39.99,59.99,1.0000,'USD','single item','',1,1,1,'inches',0,12,4,1,'images/productimages/Cameras/nikonbattery.jpg','12/30/1899','','12/30/1899','')
INSERT INTO dbo.[CSK_Store_Product] ([productID],[sku],[productGUID],[productName],[shortDescription],[manufacturerID],[attributeXML],[statusID],[productTypeID],[shippingTypeID],[shipEstimateID],[taxTypeID],[stockLocation],[ourPrice],[retailPrice],[weight],[currencyCode],[unitOfMeasure],[adminComments],[length],[height],[width],[dimensionUnit],[isDeleted],[listOrder],[ratingSum],[totalRatingVotes],[defaultImage],[createdOn],[createdBy],[modifiedOn],[modifiedBy]) VALUES (25,'SCANDISK','1BE0968E-0875-48D9-90D1-4944E210C8A7','SanDisk SDCFH-1024-901 1 GB Ultra II CompactFlash Card','The new SanDisk Ultra II CompactFlash cards have a minimum sustained write speed of 9 megabytes (MB) per second and a read speed of 10 MB per second. Get faster speed for all the things you do. ',19,'',1,3,1,1,1,'Shelf 12, Item 8, Row 99',79.99,109.99,1.0000,'USD','single item','',1,1,1,'inches',0,21,4,1,'images/productimages/Cameras/scandisk.jpg','12/30/1899','','12/30/1899','')
INSERT INTO dbo.[CSK_Store_Product] ([productID],[sku],[productGUID],[productName],[shortDescription],[manufacturerID],[attributeXML],[statusID],[productTypeID],[shippingTypeID],[shipEstimateID],[taxTypeID],[stockLocation],[ourPrice],[retailPrice],[weight],[currencyCode],[unitOfMeasure],[adminComments],[length],[height],[width],[dimensionUnit],[isDeleted],[listOrder],[ratingSum],[totalRatingVotes],[defaultImage],[createdOn],[createdBy],[modifiedOn],[modifiedBy]) VALUES (26,'FLASH1','52EC0A4E-ACF5-46A0-BC9B-119DD98AD701','Speedlight Flash for Digital SLR Cameras','Nikon introduces the Speedlight SB-600, a compact flash packed with impressive functionality inherited from the renowned SB-800. It serves as a solid base for the Nikon Creative Lighting System when used in combination with Nikon D70 or D2H digital SLRs. ',7,'',1,3,1,1,1,'Row 33, Item 8, Shelf 12',159.99,210.50,5.0000,'USD','single item','',5,5,12,'inches',0,24,4,1,'images/productimages/Cameras/nikonflash.jpg','12/30/1899','','12/30/1899','')
INSERT INTO dbo.[CSK_Store_Product] ([productID],[sku],[productGUID],[productName],[shortDescription],[manufacturerID],[attributeXML],[statusID],[productTypeID],[shippingTypeID],[shipEstimateID],[taxTypeID],[stockLocation],[ourPrice],[retailPrice],[weight],[currencyCode],[unitOfMeasure],[adminComments],[length],[height],[width],[dimensionUnit],[isDeleted],[listOrder],[ratingSum],[totalRatingVotes],[defaultImage],[createdOn],[createdBy],[modifiedOn],[modifiedBy]) VALUES (29,'B000A3WS20','67B0AB9D-7B12-43F6-A6D3-3EA8E916FB59','Apple 60 GB iPod with Video Playback White ','',16,'<?xml version="1.0"?>' + CHAR(13) + CHAR(10) + '<ArrayOfAttribute xmlns:xsi="http://www.w3.org/2001/XMLSchema-instance" xmlns:xsd="http://www.w3.org/2001/XMLSchema">' + CHAR(13) + CHAR(10) + '  <Attribute>' + CHAR(13) + CHAR(10) + '    <Name>Engraving</Name>' + CHAR(13) + CHAR(10) + '    <Description />' + CHAR(13) + CHAR(10) + '    <Selections>' + CHAR(13) + CHAR(10) + '      <AttributeSelection>' + CHAR(13) + CHAR(10) + '        <FormattedValue />' + CHAR(13) + CHAR(10) + '        <Value />' + CHAR(13) + CHAR(10) + '        <PriceAdjustment>0</PriceAdjustment>' + CHAR(13) + CHAR(10) + '      </AttributeSelection>' + CHAR(13) + CHAR(10) + '    </Selections>' + CHAR(13) + CHAR(10) + '    <SelectionType>UserInput</SelectionType>' + CHAR(13) + CHAR(10) + '  </Attribute>' + CHAR(13) + CHAR(10) + '</ArrayOfAttribute>',1,3,1,1,1,'On shelf',369.99,469.00,1.0000,'USD','single item','',2,5,2,'inches',0,99,4,1,'images/productimages/Computers/ipod.jpg','Aug 11 2006  1:32PM','admin','Aug 11 2006  1:33PM','admin')
SET IDENTITY_INSERT dbo.[CSK_Store_Product] OFF
PRINT 'Finished inserting data in CSK_Store_Product'
GO

PRINT 'Begin inserting data in CSK_Promo_Product_Bundle_Map'
PRINT 'Finished inserting data in CSK_Promo_Product_Bundle_Map'
GO

PRINT 'Begin inserting data in CSK_Promo_Product_Promo_Map'
INSERT INTO  dbo.[CSK_Promo_Product_Promo_Map] ([productID],[promoID],[createdOn],[createdBy],[modifiedOn],[modifiedBy]) VALUES(2, 7, '8/8/2006 4:02:15 PM', NULL, '8/8/2006 4:02:15 PM', NULL)
INSERT INTO  dbo.[CSK_Promo_Product_Promo_Map] ([productID],[promoID],[createdOn],[createdBy],[modifiedOn],[modifiedBy]) VALUES(3, 6, '8/10/2006 4:54:00 PM', NULL, '8/10/2006 4:54:00 PM', NULL)
INSERT INTO  dbo.[CSK_Promo_Product_Promo_Map] ([productID],[promoID],[createdOn],[createdBy],[modifiedOn],[modifiedBy]) VALUES(3, 7, '8/8/2006 4:02:15 PM', NULL, '8/8/2006 4:02:15 PM', NULL)
INSERT INTO  dbo.[CSK_Promo_Product_Promo_Map] ([productID],[promoID],[createdOn],[createdBy],[modifiedOn],[modifiedBy]) VALUES(4, 7, '8/8/2006 4:02:15 PM', NULL, '8/8/2006 4:02:15 PM', NULL)
INSERT INTO  dbo.[CSK_Promo_Product_Promo_Map] ([productID],[promoID],[createdOn],[createdBy],[modifiedOn],[modifiedBy]) VALUES(19, 7, '8/8/2006 4:02:15 PM', NULL, '8/8/2006 4:02:15 PM', NULL)
INSERT INTO  dbo.[CSK_Promo_Product_Promo_Map] ([productID],[promoID],[createdOn],[createdBy],[modifiedOn],[modifiedBy]) VALUES(20, 4, NULL, NULL, NULL, NULL)
INSERT INTO  dbo.[CSK_Promo_Product_Promo_Map] ([productID],[promoID],[createdOn],[createdBy],[modifiedOn],[modifiedBy]) VALUES(21, 4, NULL, NULL, NULL, NULL)
INSERT INTO  dbo.[CSK_Promo_Product_Promo_Map] ([productID],[promoID],[createdOn],[createdBy],[modifiedOn],[modifiedBy]) VALUES(22, 4, NULL, NULL, NULL, NULL)
INSERT INTO  dbo.[CSK_Promo_Product_Promo_Map] ([productID],[promoID],[createdOn],[createdBy],[modifiedOn],[modifiedBy]) VALUES(23, 4, NULL, NULL, NULL, NULL)
PRINT 'Finished inserting data in CSK_Promo_Product_Promo_Map'
GO

SET IDENTITY_INSERT dbo.[CSK_Store_Image] ON
PRINT 'Begin inserting data in CSK_Store_Image'
INSERT INTO  dbo.[CSK_Store_Image] ([imageID],[productID],[imageFile],[listOrder],[caption],[createdOn],[createdBy],[modifiedOn],[modifiedBy]) VALUES(34, 1, 'images/productimages/Cameras/lumixDMC.jpg', 0, 'lumix DMC, a fine lookin camera', NULL, NULL, NULL, NULL)
INSERT INTO  dbo.[CSK_Store_Image] ([imageID],[productID],[imageFile],[listOrder],[caption],[createdOn],[createdBy],[modifiedOn],[modifiedBy]) VALUES(38, 3, 'images/productimages/Cameras/olympusStylus.jpg', 0, 'Sleek and stylish', NULL, NULL, NULL, NULL)
INSERT INTO  dbo.[CSK_Store_Image] ([imageID],[productID],[imageFile],[listOrder],[caption],[createdOn],[createdBy],[modifiedOn],[modifiedBy]) VALUES(39, 3, 'images/productimages/Cameras/olympus_stylus_800_splash_3.jpg', 1, 'Make a splash with this little guy', NULL, NULL, NULL, NULL)
INSERT INTO  dbo.[CSK_Store_Image] ([imageID],[productID],[imageFile],[listOrder],[caption],[createdOn],[createdBy],[modifiedOn],[modifiedBy]) VALUES(40, 4, 'images/productimages/Cameras/samsung_red.jpg', 0, 'Fits right in your pocket like a red rocket', NULL, NULL, NULL, NULL)
INSERT INTO  dbo.[CSK_Store_Image] ([imageID],[productID],[imageFile],[listOrder],[caption],[createdOn],[createdBy],[modifiedOn],[modifiedBy]) VALUES(41, 4, 'images/productimages/Cameras/samsung_black.jpg', 1, 'Little flat black camera', NULL, NULL, NULL, NULL)
INSERT INTO  dbo.[CSK_Store_Image] ([imageID],[productID],[imageFile],[listOrder],[caption],[createdOn],[createdBy],[modifiedOn],[modifiedBy]) VALUES(42, 4, 'images/productimages/Cameras/samsung_silver.jpg', 2, 'Silver is nice for going out', NULL, NULL, NULL, NULL)
INSERT INTO  dbo.[CSK_Store_Image] ([imageID],[productID],[imageFile],[listOrder],[caption],[createdOn],[createdBy],[modifiedOn],[modifiedBy]) VALUES(43, 5, 'images/productimages/HDTVs/tvsamsunghlr506.jpg', 0, 'Blow your friends away with this huge flat TV', NULL, NULL, NULL, NULL)
INSERT INTO  dbo.[CSK_Store_Image] ([imageID],[productID],[imageFile],[listOrder],[caption],[createdOn],[createdBy],[modifiedOn],[modifiedBy]) VALUES(44, 6, 'images/productimages/HDTVs/tv_sonykdfea.jpg', 0, 'Black, flat, and exciting', NULL, NULL, NULL, NULL)
INSERT INTO  dbo.[CSK_Store_Image] ([imageID],[productID],[imageFile],[listOrder],[caption],[createdOn],[createdBy],[modifiedOn],[modifiedBy]) VALUES(45, 14, 'images/productimages/HDTVs/samsung_hlr565568w.jpg', 0, 'clean and simple', NULL, NULL, NULL, NULL)
INSERT INTO  dbo.[CSK_Store_Image] ([imageID],[productID],[imageFile],[listOrder],[caption],[createdOn],[createdBy],[modifiedOn],[modifiedBy]) VALUES(46, 15, 'images/productimages/HDTVs/casiotv.jpg', 0, '', NULL, NULL, NULL, NULL)
INSERT INTO  dbo.[CSK_Store_Image] ([imageID],[productID],[imageFile],[listOrder],[caption],[createdOn],[createdBy],[modifiedOn],[modifiedBy]) VALUES(47, 16, 'images/productimages/DVDPlayers/cobyportable.jpg', 0, 'Take this one anywhere!', NULL, NULL, NULL, NULL)
INSERT INTO  dbo.[CSK_Store_Image] ([imageID],[productID],[imageFile],[listOrder],[caption],[createdOn],[createdBy],[modifiedOn],[modifiedBy]) VALUES(48, 17, 'images/productimages/DVDPlayers/cyberhomedvd.jpg', 1, 'Slick and Groovy', NULL, NULL, NULL, NULL)
INSERT INTO  dbo.[CSK_Store_Image] ([imageID],[productID],[imageFile],[listOrder],[caption],[createdOn],[createdBy],[modifiedOn],[modifiedBy]) VALUES(49, 17, 'images/productimages/DVDPlayers/cobyportable.jpg', 2, 'Little guy to go with it', NULL, NULL, NULL, NULL)
INSERT INTO  dbo.[CSK_Store_Image] ([imageID],[productID],[imageFile],[listOrder],[caption],[createdOn],[createdBy],[modifiedOn],[modifiedBy]) VALUES(50, 18, 'images/productimages/Computers/hp1220.jpg', 0, '', NULL, NULL, NULL, NULL)
INSERT INTO  dbo.[CSK_Store_Image] ([imageID],[productID],[imageFile],[listOrder],[caption],[createdOn],[createdBy],[modifiedOn],[modifiedBy]) VALUES(51, 19, 'images/productimages/Computers/hpmediacenter.jpg', 0, 'Run your TV with your computer!', NULL, NULL, NULL, NULL)
INSERT INTO  dbo.[CSK_Store_Image] ([imageID],[productID],[imageFile],[listOrder],[caption],[createdOn],[createdBy],[modifiedOn],[modifiedBy]) VALUES(52, 20, 'images/productimages/Computers/compaqevo.jpg', 0, 'Doubles as a toaster.', NULL, NULL, NULL, NULL)
INSERT INTO  dbo.[CSK_Store_Image] ([imageID],[productID],[imageFile],[listOrder],[caption],[createdOn],[createdBy],[modifiedOn],[modifiedBy]) VALUES(53, 21, 'images/productimages/Computers/applelaptop.jpg', 0, 'Cool like a Mac', NULL, NULL, NULL, NULL)
INSERT INTO  dbo.[CSK_Store_Image] ([imageID],[productID],[imageFile],[listOrder],[caption],[createdOn],[createdBy],[modifiedOn],[modifiedBy]) VALUES(54, 21, 'images/productimages/Computers/applelaptop2.jpg', 2, 'CD Tray is hidden nicely from view.', NULL, NULL, NULL, NULL)
INSERT INTO  dbo.[CSK_Store_Image] ([imageID],[productID],[imageFile],[listOrder],[caption],[createdOn],[createdBy],[modifiedOn],[modifiedBy]) VALUES(55, 22, 'images/productimages/Computers/vaio.jpg', 0, '', NULL, NULL, NULL, NULL)
INSERT INTO  dbo.[CSK_Store_Image] ([imageID],[productID],[imageFile],[listOrder],[caption],[createdOn],[createdBy],[modifiedOn],[modifiedBy]) VALUES(56, 23, 'images/productimages/Computers/toshibalaptop.jpg', 0, '', NULL, NULL, NULL, NULL)
INSERT INTO  dbo.[CSK_Store_Image] ([imageID],[productID],[imageFile],[listOrder],[caption],[createdOn],[createdBy],[modifiedOn],[modifiedBy]) VALUES(59, 24, 'images/productimages/Cameras/nikonbattery.jpg', 0, 'Lithium Ion Battery', NULL, NULL, NULL, NULL)
INSERT INTO  dbo.[CSK_Store_Image] ([imageID],[productID],[imageFile],[listOrder],[caption],[createdOn],[createdBy],[modifiedOn],[modifiedBy]) VALUES(61, 26, 'images/productimages/Cameras/nikonflash.jpg', 1, 'Say Cheeeez!', NULL, NULL, NULL, NULL)
INSERT INTO  dbo.[CSK_Store_Image] ([imageID],[productID],[imageFile],[listOrder],[caption],[createdOn],[createdBy],[modifiedOn],[modifiedBy]) VALUES(62, 25, 'images/productimages/Cameras/scandisk.jpg', 0, '', NULL, NULL, NULL, NULL)
INSERT INTO  dbo.[CSK_Store_Image] ([imageID],[productID],[imageFile],[listOrder],[caption],[createdOn],[createdBy],[modifiedOn],[modifiedBy]) VALUES(77, 2, 'images/productimages/Cameras/nikon5.jpg', 0, 'Big Action', '8/8/2006 1:00:52 PM', '', '8/8/2006 1:00:52 PM', '')
INSERT INTO  dbo.[CSK_Store_Image] ([imageID],[productID],[imageFile],[listOrder],[caption],[createdOn],[createdBy],[modifiedOn],[modifiedBy]) VALUES(78, 29, 'images/productimages/Computers/ipod.jpg', 0, 'Swing out', '8/11/2006 1:34:39 PM', 'admin', '8/11/2006 1:34:39 PM', 'admin')
SET IDENTITY_INSERT dbo.[CSK_Store_Image] OFF
PRINT 'Finished inserting data in CSK_Store_Image'
GO

PRINT 'Begin inserting data in CSK_Promo_Product_CrossSell_Map'
INSERT INTO  dbo.[CSK_Promo_Product_CrossSell_Map] ([productID],[crossProductID]) VALUES(1, 3)
INSERT INTO  dbo.[CSK_Promo_Product_CrossSell_Map] ([productID],[crossProductID]) VALUES(1, 4)
INSERT INTO  dbo.[CSK_Promo_Product_CrossSell_Map] ([productID],[crossProductID]) VALUES(2, 24)
INSERT INTO  dbo.[CSK_Promo_Product_CrossSell_Map] ([productID],[crossProductID]) VALUES(2, 25)
INSERT INTO  dbo.[CSK_Promo_Product_CrossSell_Map] ([productID],[crossProductID]) VALUES(2, 26)
INSERT INTO  dbo.[CSK_Promo_Product_CrossSell_Map] ([productID],[crossProductID]) VALUES(29, 21)
PRINT 'Finished inserting data in CSK_Promo_Product_CrossSell_Map'
GO

PRINT 'Begin inserting data in CSK_Store_Product_Category_Map'
INSERT INTO  dbo.[CSK_Store_Product_Category_Map] ([productID],[categoryID],[listOrder],[isFeatured],[createdOn],[createdBy],[modifiedOn],[modifiedBy]) VALUES(1, 14, 1, 0, '5/19/2006 11:52:13 AM', NULL, '5/19/2006 11:52:13 AM', NULL)
INSERT INTO  dbo.[CSK_Store_Product_Category_Map] ([productID],[categoryID],[listOrder],[isFeatured],[createdOn],[createdBy],[modifiedOn],[modifiedBy]) VALUES(1, 21, 1, 0, '5/19/2006 11:51:15 AM', NULL, '5/19/2006 11:51:15 AM', NULL)
INSERT INTO  dbo.[CSK_Store_Product_Category_Map] ([productID],[categoryID],[listOrder],[isFeatured],[createdOn],[createdBy],[modifiedOn],[modifiedBy]) VALUES(2, 14, 1, 0, NULL, NULL, NULL, NULL)
INSERT INTO  dbo.[CSK_Store_Product_Category_Map] ([productID],[categoryID],[listOrder],[isFeatured],[createdOn],[createdBy],[modifiedOn],[modifiedBy]) VALUES(2, 21, 1, 0, NULL, NULL, NULL, NULL)
INSERT INTO  dbo.[CSK_Store_Product_Category_Map] ([productID],[categoryID],[listOrder],[isFeatured],[createdOn],[createdBy],[modifiedOn],[modifiedBy]) VALUES(3, 14, 1, 0, NULL, NULL, NULL, NULL)
INSERT INTO  dbo.[CSK_Store_Product_Category_Map] ([productID],[categoryID],[listOrder],[isFeatured],[createdOn],[createdBy],[modifiedOn],[modifiedBy]) VALUES(4, 14, 1, 0, NULL, NULL, NULL, NULL)
INSERT INTO  dbo.[CSK_Store_Product_Category_Map] ([productID],[categoryID],[listOrder],[isFeatured],[createdOn],[createdBy],[modifiedOn],[modifiedBy]) VALUES(5, 15, 1, 0, NULL, NULL, NULL, NULL)
INSERT INTO  dbo.[CSK_Store_Product_Category_Map] ([productID],[categoryID],[listOrder],[isFeatured],[createdOn],[createdBy],[modifiedOn],[modifiedBy]) VALUES(6, 15, 1, 0, NULL, NULL, NULL, NULL)
INSERT INTO  dbo.[CSK_Store_Product_Category_Map] ([productID],[categoryID],[listOrder],[isFeatured],[createdOn],[createdBy],[modifiedOn],[modifiedBy]) VALUES(14, 15, 1, 0, NULL, NULL, NULL, NULL)
INSERT INTO  dbo.[CSK_Store_Product_Category_Map] ([productID],[categoryID],[listOrder],[isFeatured],[createdOn],[createdBy],[modifiedOn],[modifiedBy]) VALUES(15, 15, 1, 0, NULL, NULL, NULL, NULL)
INSERT INTO  dbo.[CSK_Store_Product_Category_Map] ([productID],[categoryID],[listOrder],[isFeatured],[createdOn],[createdBy],[modifiedOn],[modifiedBy]) VALUES(16, 10, 1, 0, NULL, NULL, NULL, NULL)
INSERT INTO  dbo.[CSK_Store_Product_Category_Map] ([productID],[categoryID],[listOrder],[isFeatured],[createdOn],[createdBy],[modifiedOn],[modifiedBy]) VALUES(17, 10, 1, 0, NULL, NULL, NULL, NULL)
INSERT INTO  dbo.[CSK_Store_Product_Category_Map] ([productID],[categoryID],[listOrder],[isFeatured],[createdOn],[createdBy],[modifiedOn],[modifiedBy]) VALUES(18, 16, 1, 0, NULL, NULL, NULL, NULL)
INSERT INTO  dbo.[CSK_Store_Product_Category_Map] ([productID],[categoryID],[listOrder],[isFeatured],[createdOn],[createdBy],[modifiedOn],[modifiedBy]) VALUES(19, 16, 1, 0, NULL, NULL, NULL, NULL)
INSERT INTO  dbo.[CSK_Store_Product_Category_Map] ([productID],[categoryID],[listOrder],[isFeatured],[createdOn],[createdBy],[modifiedOn],[modifiedBy]) VALUES(20, 16, 1, 0, NULL, NULL, NULL, NULL)
INSERT INTO  dbo.[CSK_Store_Product_Category_Map] ([productID],[categoryID],[listOrder],[isFeatured],[createdOn],[createdBy],[modifiedOn],[modifiedBy]) VALUES(20, 17, 1, 0, NULL, NULL, NULL, NULL)
INSERT INTO  dbo.[CSK_Store_Product_Category_Map] ([productID],[categoryID],[listOrder],[isFeatured],[createdOn],[createdBy],[modifiedOn],[modifiedBy]) VALUES(21, 1, 1, 0, '5/19/2006 11:45:55 AM', NULL, '5/19/2006 11:45:55 AM', NULL)
INSERT INTO  dbo.[CSK_Store_Product_Category_Map] ([productID],[categoryID],[listOrder],[isFeatured],[createdOn],[createdBy],[modifiedOn],[modifiedBy]) VALUES(21, 16, 1, 0, NULL, NULL, NULL, NULL)
INSERT INTO  dbo.[CSK_Store_Product_Category_Map] ([productID],[categoryID],[listOrder],[isFeatured],[createdOn],[createdBy],[modifiedOn],[modifiedBy]) VALUES(21, 17, 1, 0, NULL, NULL, NULL, NULL)
INSERT INTO  dbo.[CSK_Store_Product_Category_Map] ([productID],[categoryID],[listOrder],[isFeatured],[createdOn],[createdBy],[modifiedOn],[modifiedBy]) VALUES(22, 16, 1, 0, NULL, NULL, NULL, NULL)
INSERT INTO  dbo.[CSK_Store_Product_Category_Map] ([productID],[categoryID],[listOrder],[isFeatured],[createdOn],[createdBy],[modifiedOn],[modifiedBy]) VALUES(22, 17, 1, 0, NULL, NULL, NULL, NULL)
INSERT INTO  dbo.[CSK_Store_Product_Category_Map] ([productID],[categoryID],[listOrder],[isFeatured],[createdOn],[createdBy],[modifiedOn],[modifiedBy]) VALUES(23, 16, 1, 0, NULL, NULL, NULL, NULL)
INSERT INTO  dbo.[CSK_Store_Product_Category_Map] ([productID],[categoryID],[listOrder],[isFeatured],[createdOn],[createdBy],[modifiedOn],[modifiedBy]) VALUES(23, 17, 1, 0, NULL, NULL, NULL, NULL)
INSERT INTO  dbo.[CSK_Store_Product_Category_Map] ([productID],[categoryID],[listOrder],[isFeatured],[createdOn],[createdBy],[modifiedOn],[modifiedBy]) VALUES(24, 14, 1, 0, NULL, NULL, NULL, NULL)
INSERT INTO  dbo.[CSK_Store_Product_Category_Map] ([productID],[categoryID],[listOrder],[isFeatured],[createdOn],[createdBy],[modifiedOn],[modifiedBy]) VALUES(29, 13, 1, 0, '8/11/2006 1:33:49 PM', NULL, '8/11/2006 1:33:49 PM', NULL)
PRINT 'Finished inserting data in CSK_Store_Product_Category_Map'
GO

SET IDENTITY_INSERT dbo.[CSK_Store_ProductDescriptor] ON
PRINT 'Begin inserting data in CSK_Store_ProductDescriptor'
INSERT INTO  dbo.[CSK_Store_ProductDescriptor] ([descriptorID],[productID],[title],[descriptor],[isBulletedList],[listOrder]) VALUES(1, 1, 'Features', 'Product Dimensions: 8.0 x 7.5 x 6.5 inches ; 1.5 pounds ' + CHAR(13) + CHAR(10) + 'Shipping Weight: 3.1 pounds. (View shipping rates and policies) ' + CHAR(13) + CHAR(10) + 'Shipping: Currently, item can be shipped only within the U.S. ' + CHAR(13) + CHAR(10) + 'ASIN: B000A7XSSY ' + CHAR(13) + CHAR(10) + 'Item model number: DMC-FZ30K ', 1, 5)
INSERT INTO  dbo.[CSK_Store_ProductDescriptor] ([descriptorID],[productID],[title],[descriptor],[isBulletedList],[listOrder]) VALUES(2, 2, 'Features', '<b>From the Manufacturer</b>' + CHAR(13) + CHAR(10) + 'The DMC-FZ30''s Leica DC Vario-Elmarit lens features 14 elements in 8 groups, including 3 aspherical lenses and an ED (extra-low dispersion) lens which helps to suppress the color bleeding that often occurs in telephoto shots, plus a 12x optical zoom (35mm equivalent: 35 to 420mm). This combines with the large, 1/1.8-inch diagonal 8-megapixel CCD to give you enormous expressive power. The new Extended Optical Zoom, which minimizes the image degradation that normally occurs with digital zooming, gives you up to 19.1x power in 3-megapixel photos, and up to 15x power in 5-megapixel photos. Plus, the 12x optical zoom can be used together with the 4x digital zoom to produce a maximum of 48x zooming power.' + CHAR(13) + CHAR(10) + '' + CHAR(13) + CHAR(10) + '<b>Accurate, Flexible Focusing--Both Auto and Manual</b>' + CHAR(13) + CHAR(10) + 'In addition to five auto focus modes (1-point, 3-point high-speed, 9-point, spot AF, and 1-point high-speed AF with reduced focusing speed), the FZ30 features a ring that lets you manually adjust the focus from 0.98 feet (0.3 meters) to infinity. It also has Manual Focus Assist, a function that shows an enlarged image of the subject''s center in the viewfinder. The One-Shot AF function in manual focus mode lets you focus automatically for a single shot by pressing the "FOCUS" button. The Continuous AF function keeps moving subjects in sharp focus, and the AF Assist Lamp helps in dim lighting. This all adds up to easy, accurate focusing.' + CHAR(13) + CHAR(10) + '' + CHAR(13) + CHAR(10) + '<b>Manual Focus and Zoom Rings with Intuitive Control</b>' + CHAR(13) + CHAR(10) + 'The manual focus ring lets you focus on whatever part of your subject you wish, and the zoom ring lets you zoom in and out easily and accurately as you compose the perfect shot. They''re both fast, so you can capture moving subjects in your composition.', 0, 4)
INSERT INTO  dbo.[CSK_Store_ProductDescriptor] ([descriptorID],[productID],[title],[descriptor],[isBulletedList],[listOrder]) VALUES(3, 3, 'Features', 'Product Dimensions: 1.0 pounds ' + CHAR(13) + CHAR(10) + 'Shipping Weight: 2.0 pounds. (View shipping rates and policies) ' + CHAR(13) + CHAR(10) + 'Shipping: Currently, item can be shipped only within the U.S. ' + CHAR(13) + CHAR(10) + 'ASIN: B0009N4OPK ' + CHAR(13) + CHAR(10) + 'Item model number: 800 Digital ', 1, 3)
INSERT INTO  dbo.[CSK_Store_ProductDescriptor] ([descriptorID],[productID],[title],[descriptor],[isBulletedList],[listOrder]) VALUES(4, 4, 'Features', 'Transfers photos via USB; compatible with Windows and Mac operating systems; rechargeable Li-ion battery ' + CHAR(13) + CHAR(10) + '5.0-megapixel sensor captures enough detail for photo-quality 13 x 17-inch prints ' + CHAR(13) + CHAR(10) + '3x optical zoom, 5x digital zoom; safety flash for enhanced image clarity and color ' + CHAR(13) + CHAR(10) + '2.5-inch LCD screen and high quality MPEG4 movie recording ' + CHAR(13) + CHAR(10) + 'Store images on 50 MB of available internal flash memory or with SD/MMC memory card slot ', 1, 2)
INSERT INTO  dbo.[CSK_Store_ProductDescriptor] ([descriptorID],[productID],[title],[descriptor],[isBulletedList],[listOrder]) VALUES(5, 5, 'Features', 'Built-in HD/Digital tuner (ATSC), 181-channel tuner (NTSC), and Digital Cable Ready; 16:9 widescreen picture aspect ratio ' + CHAR(13) + CHAR(10) + 'Includes 3 composite, 3 S-Video, 2 component, 1 DVI, 1 HDMI, 1 PC (D-Sub), 2 Firewire, 1 Monitor, and 2 RF inputs ' + CHAR(13) + CHAR(10) + 'Two stereo speakers, 15 watts apiece (30 watts total) ' + CHAR(13) + CHAR(10) + '50-inch projection HD-ready DLP TV; measures 46.5 x 34.3x14.0 inches (WxHxD) ' + CHAR(13) + CHAR(10) + 'Digital Light Processing technology features better color uniformity over time--no burn-in, screen aging ' + CHAR(13) + CHAR(10) + '', 1, 1)
INSERT INTO  dbo.[CSK_Store_ProductDescriptor] ([descriptorID],[productID],[title],[descriptor],[isBulletedList],[listOrder]) VALUES(6, 6, 'Features', 'Inputs: 3 composite, 3 component, 1 S-Video, 1 RF, 1 HDMI ' + CHAR(13) + CHAR(10) + 'Two stereo speakers, 12 watts apiece (24 watts total) ' + CHAR(13) + CHAR(10) + '50-inch rear-projection LCD TV; measures 46.6 x 32.6 x 16.1 inches (WxHxD) ' + CHAR(13) + CHAR(10) + 'Built-in HD/Digital tuner (ATSC), 181-channel tuner (NTSC); Digital Cable ready ' + CHAR(13) + CHAR(10) + 'Front A/V input for easily hooking up a DVD player or video game console ', 1, 1)
INSERT INTO  dbo.[CSK_Store_ProductDescriptor] ([descriptorID],[productID],[title],[descriptor],[isBulletedList],[listOrder]) VALUES(7, 14, 'Features', '56 Widescreen using Texas Instruments'' latest generation DLP (Digital Light Processing) TV technology with 16 - 9 aspect ratio and up to 10,000 - 1 contrast ratio ' + CHAR(13) + CHAR(10) + 'Digital Cable Ready (DCR) with CableCARD slot ' + CHAR(13) + CHAR(10) + 'Built-In Analog/Digital Tuner (NTSC/ATSC) - You can pick-up free over-the-air HDTV broadcasts using the ATSC tuner and an optional HDTV antenna ', 1, 1)
INSERT INTO  dbo.[CSK_Store_ProductDescriptor] ([descriptorID],[productID],[title],[descriptor],[isBulletedList],[listOrder]) VALUES(8, 15, 'Features', 'Runs for about 2 hours on 4 AA batteries (and can also be powered by an optional AC adapter) ' + CHAR(13) + CHAR(10) + '4-inch antiglare, active-matrix TFT LCD screen with 405 x 305 resolution; 5.75 x 5 x 1.5 inches (W x H x D) ' + CHAR(13) + CHAR(10) + 'Incredibly portable--approximately the size of double CD ' + CHAR(13) + CHAR(10) + 'Single speaker, monaural earphone jack for private listening ' + CHAR(13) + CHAR(10) + 'Includes built-in rod antenna and receives VHF channels 2 to 13 and UHF channels 14 to 69 ' + CHAR(13) + CHAR(10) + '', 1, 1)
INSERT INTO  dbo.[CSK_Store_ProductDescriptor] ([descriptorID],[productID],[title],[descriptor],[isBulletedList],[listOrder]) VALUES(9, 16, 'Features', 'Compatible with NTSC/PAL system ' + CHAR(13) + CHAR(10) + 'Anti-skip circuitry; 16:9 aspect ratio ' + CHAR(13) + CHAR(10) + 'TFT Active Matrix 7" display screen ' + CHAR(13) + CHAR(10) + 'Plays DVD, MP3, CD, and CD-RW ' + CHAR(13) + CHAR(10) + 'Headphone jack for private listening ' + CHAR(13) + CHAR(10) + '', 1, 1)
INSERT INTO  dbo.[CSK_Store_ProductDescriptor] ([descriptorID],[productID],[title],[descriptor],[isBulletedList],[listOrder]) VALUES(10, 17, 'Features', 'Dolby Digital an DTS 5.1-channel surround sound passthrough (coaxial digital-audio output) ' + CHAR(13) + CHAR(10) + 'Plays PAL and NTSC discs ' + CHAR(13) + CHAR(10) + 'Progressive-scan video (480p) with 3:2 pulldown support renders flicker-free images on high-definition and HD-ready TVs ' + CHAR(13) + CHAR(10) + 'Plays DVD-Video, DVD-R, DVD-RW, DVD+R, DVD+RW, CD, CD-R, CD-RW, SVCD, VCD, MP3, and JPEG picture CD ', 1, 1)
INSERT INTO  dbo.[CSK_Store_ProductDescriptor] ([descriptorID],[productID],[title],[descriptor],[isBulletedList],[listOrder]) VALUES(11, 18, 'Features', 'Windows Media Center 2005 (Service Pack 2) ' + CHAR(13) + CHAR(10) + 'Entertainment-focused desktop PC with 2.93 GHz Intel Pentium 4 516 processor, 533 MHz FSB, 1 MB L2 cache ' + CHAR(13) + CHAR(10) + '200 GB hard drive, 512 MB of RAM (4 GB max), LightScribe multi-format DVD/CD burner with dual-layer support ' + CHAR(13) + CHAR(10) + 'Six USB 2.0, two Firewire, one parallel, one VGA, one 9-in-1 memory card reader, 10/100 Ethernet; 56K (V.90) modem ' + CHAR(13) + CHAR(10) + 'Intel Graphics Media Accelerator 900 with up to 128 MB of shared video RAM, Intel High Definition audio (Azalia) with 5.1-channel surround sound', 1, 1)
INSERT INTO  dbo.[CSK_Store_ProductDescriptor] ([descriptorID],[productID],[title],[descriptor],[isBulletedList],[listOrder]) VALUES(12, 19, 'Features', 'ATI Radeon x300se video card with 128 MB video RAM, Intel High Definition audio (Azalia) with 5.1-channel surround sound ' + CHAR(13) + CHAR(10) + 'Multimedia-oriented desktop with integrated TV tuner and Windows XP Media Center Edition 2005 (Update Rollup 2) ' + CHAR(13) + CHAR(10) + 'Hyper-threaded 2.8 GHz Pentium D 820 dual-core processor, 2 MB total L2 cache, 800 MHz front-side bus ' + CHAR(13) + CHAR(10) + '250 GB hard drive, 1 GB installed RAM (4 GB max), dual-layer, multi-format DVD/CD burner, DVD-ROM drive ' + CHAR(13) + CHAR(10) + 'Six USB 2.0, two Firewire, one VGA, one S-Video, one composite AV, 9-in-1 memory card reader, 10/100 BASE-T Ethernet and 56K V.92 modem', 1, 1)
INSERT INTO  dbo.[CSK_Store_ProductDescriptor] ([descriptorID],[productID],[title],[descriptor],[isBulletedList],[listOrder]) VALUES(13, 20, 'Features', 'Product Dimensions: 20.1 pounds ' + CHAR(13) + CHAR(10) + 'Shipping Weight: 20.1 pounds. ' + CHAR(13) + CHAR(10) + 'Shipping: Currently, item can be shipped only within the U.S.', 1, 1)
INSERT INTO  dbo.[CSK_Store_ProductDescriptor] ([descriptorID],[productID],[title],[descriptor],[isBulletedList],[listOrder]) VALUES(14, 21, 'Features', 'Samsung TVs with DLP technology from Texas Instruments take HDTV to the next level with Samsung''s sixth-generation CinemaSmooth 1080p-light-engine high-performance display. Samsung''s innovative DNIe technology delivers a crisp, lifelike picture that''s closer to film, plus there''s never any risk of burn-in or uneven screen aging. Samsung''s 1080p series of HDTVs are engineered to display the full HDTV experience, down to each and every nuance of picture detail that has been captured, broadcasted and received in HDTV. Smooth Film-Like Pixel Free Images Up to 10000 - 1 Contrast Ratio with Outstanding Color and Deep Black Levels Full HD 1920 x 1080p digital format converter for all inputs TV Guide on Screen Interactive Program Guide Latest Generation DNIe Video Enhancer - Samsung''s Digital Natural Image engine makes input signals sharper, clearer and more lifelike 3 - 2 Pull Down cinema motion capability AnyNet System Control Solution No Burn-In or Screen Aging 30-Watt Audio System with SRS TruSurround XT - 15 Watts per channel HDMI Input (High Definition Multimedia Interface) / 2 Component Video Inputs (480i/480p/720p/1080i) / PC Input / 2 Rear A/V Composite Inputs, 1 Side and 2 Rear S-Video Inputs, A/V Outputs and Side A/V Inputs Unit Dimensions - 52.4W x 15.3D x 37.9H / Weight - 80.9 lbs.', 0, 0)
INSERT INTO  dbo.[CSK_Store_ProductDescriptor] ([descriptorID],[productID],[title],[descriptor],[isBulletedList],[listOrder]) VALUES(15, 22, 'Features', 'Intel Pentium M Processor Ultra Low Voltage 753 (1.2GHz) ' + CHAR(13) + CHAR(10) + '2MB L2 Cache ' + CHAR(13) + CHAR(10) + '400MHz FSB ' + CHAR(13) + CHAR(10) + '512MB of PC-3200 400MHz DDR2-SDRAM (expandable to 1GB) ' + CHAR(13) + CHAR(10) + 'Integrated 802.11b/g Wi-Fi Wireless Network Adapter', 1, 1)
INSERT INTO  dbo.[CSK_Store_ProductDescriptor] ([descriptorID],[productID],[title],[descriptor],[isBulletedList],[listOrder]) VALUES(16, 23, 'Features', 'Windows XP Home Edition, Service Pack 2 ' + CHAR(13) + CHAR(10) + '1.73 GHz Intel Pentium M processor 740 with 533 MHz front-side bus and 2 MB L2 cache ' + CHAR(13) + CHAR(10) + '100 GB hard drive, 512 MB RAM (2 GB maximum), dual-layer, multi-format DVD/CD burner ' + CHAR(13) + CHAR(10) + 'Three USB 2.0, one Firewire, one VGA, one S-Video, one PCMCIA, headphone, microphone ' + CHAR(13) + CHAR(10) + 'Built-in Intel Pro/Wireless 2200BG 802.11b/g LAN, 10/100 BASE-T Ethernet and 56K V.92 modem' + CHAR(13) + CHAR(10) + '', 1, 1)
INSERT INTO  dbo.[CSK_Store_ProductDescriptor] ([descriptorID],[productID],[title],[descriptor],[isBulletedList],[listOrder]) VALUES(17, 24, 'Features', 'Compact 1.62-by-2.25-by-0.81-inches, weighs 2.8-ounces ' + CHAR(13) + CHAR(10) + 'Charger not included; 30-day warranty ' + CHAR(13) + CHAR(10) + 'Works with Nikon D50, D70, D70S, and D100 cameras ' + CHAR(13) + CHAR(10) + 'Lithium ion chemistry free from memory effect ' + CHAR(13) + CHAR(10) + '1500-mAh power capacity ', 1, 1)
INSERT INTO  dbo.[CSK_Store_ProductDescriptor] ([descriptorID],[productID],[title],[descriptor],[isBulletedList],[listOrder]) VALUES(18, 25, 'Features', 'Works with any compact flash enabled device ' + CHAR(13) + CHAR(10) + 'High-density flash memory and optimized controller technology lets you save large image files faster ' + CHAR(13) + CHAR(10) + 'Ultra fast up to 9 Mb/sec data transfer rate ' + CHAR(13) + CHAR(10) + 'Small size ' + CHAR(13) + CHAR(10) + 'Holds up to 200 high resolution images ', 1, 1)
INSERT INTO  dbo.[CSK_Store_ProductDescriptor] ([descriptorID],[productID],[title],[descriptor],[isBulletedList],[listOrder]) VALUES(19, 26, 'Features', 'FV Lock (Flash Value Lock) allows you to change the compostition or zoom for the shot while maintaining desired lighting of the subject ' + CHAR(13) + CHAR(10) + 'Auto FP High Speed Sync Mode when used with D2H Pro Digital SLR delivers needed fill flash in bright light or with wide aperture Nikkor lenses ' + CHAR(13) + CHAR(10) + 'Versatile remote speedlight for the Nikon Creative Lighting System ' + CHAR(13) + CHAR(10) + 'Available options with D2H Pro Digital SLR and D70 Digital SLR: i-TTL Mode, Advanced Wireless Lighting, FV Lock, Flash Color Information and Wide Area AF illuminator ' + CHAR(13) + CHAR(10) + 'Accurate, seamless fill-flash capability under the most difficult, tricky lighting situations ', 1, 1)
INSERT INTO  dbo.[CSK_Store_ProductDescriptor] ([descriptorID],[productID],[title],[descriptor],[isBulletedList],[listOrder]) VALUES(20, 1, 'Technical Specs', 'Product Dimensions: 8.0 x 7.5 x 6.5 inches ; 1.5 pounds ' + CHAR(13) + CHAR(10) + 'Shipping Weight: 3.1 pounds. (View shipping rates and policies) ' + CHAR(13) + CHAR(10) + 'Shipping: Currently, item can be shipped only within the U.S. ' + CHAR(13) + CHAR(10) + 'ASIN: B000A7XSSY ' + CHAR(13) + CHAR(10) + 'Item model number: DMC-FZ30K ', 1, 1)
INSERT INTO  dbo.[CSK_Store_ProductDescriptor] ([descriptorID],[productID],[title],[descriptor],[isBulletedList],[listOrder]) VALUES(21, 2, 'Technical Specs', 'Type: Single-lens reflex digital camera' + CHAR(13) + CHAR(10) + 'Effective Pixels: 6.1 million' + CHAR(13) + CHAR(10) + 'Image Sensor: RGB CCD, 23.7 x 15.6mm; total pixels: 6.24 million' + CHAR(13) + CHAR(10) + 'Image Size: 3,008 x 2,000 [L]; 2,240 x 1,488 [M]; 1,504 x 1,000 [S]' + CHAR(13) + CHAR(10) + 'Autofocus: TTL phase detection by Nikon Multi-CAM900 autofocus module with AF-assist illuminator (approximately 0.5m to 3.0m) Detection range: EV -1 to +19 (ISO 100 equivalent, at normal temperature: 68 degrees F, 20 degrees C)', 1, 1)
INSERT INTO  dbo.[CSK_Store_ProductDescriptor] ([descriptorID],[productID],[title],[descriptor],[isBulletedList],[listOrder]) VALUES(22, 3, 'Technical Specs', 'Product Dimensions: 1.0 pounds ' + CHAR(13) + CHAR(10) + 'Shipping Weight: 2.0 pounds. (View shipping rates and policies) ' + CHAR(13) + CHAR(10) + 'Shipping: Currently, item can be shipped only within the U.S. ' + CHAR(13) + CHAR(10) + 'ASIN: B0009N4OPK ' + CHAR(13) + CHAR(10) + 'Item model number: 800 Digital ', 1, 1)
INSERT INTO  dbo.[CSK_Store_ProductDescriptor] ([descriptorID],[productID],[title],[descriptor],[isBulletedList],[listOrder]) VALUES(23, 4, 'Technical Specs', 'CCD size: 1/2.5-inch' + CHAR(13) + CHAR(10) + 'CCD resolution: 5.0 megapixels' + CHAR(13) + CHAR(10) + 'ISO equivalent: Auto, 100, 200, 400' + CHAR(13) + CHAR(10) + 'Maximum shutter speed: 16 seconds' + CHAR(13) + CHAR(10) + 'Minimum shutter speed: 1/2000 second' + CHAR(13) + CHAR(10) + 'Resolution modes: 5M: 2592 x 1944 pixels, 4M: 2272 x 1704 pixels, 3M: 2048 x 1536 pixels, 2M: 1600 x 1200 pixels, 1M: 1024 x 768 pixels, VGA: 640 x 480 pixels' + CHAR(13) + CHAR(10) + 'Optical zoom: 3x' + CHAR(13) + CHAR(10) + 'Digital zoom: 5x' + CHAR(13) + CHAR(10) + 'Autofocus: Yes' + CHAR(13) + CHAR(10) + '', 1, 1)
INSERT INTO  dbo.[CSK_Store_ProductDescriptor] ([descriptorID],[productID],[title],[descriptor],[isBulletedList],[listOrder]) VALUES(24, 5, 'Technical Specs', 'Model: HLR5067W ' + CHAR(13) + CHAR(10) + 'Item Package Quantity: 1 ' + CHAR(13) + CHAR(10) + 'Display Technology: Projection ' + CHAR(13) + CHAR(10) + 'Display Size: 50 inches ' + CHAR(13) + CHAR(10) + 'Display Color Support: Color ' + CHAR(13) + CHAR(10) + 'Image Aspect Ratio: 16:9 ' + CHAR(13) + CHAR(10) + 'SDTV compatible: Y ' + CHAR(13) + CHAR(10) + 'HDTV Compatible: Y ' + CHAR(13) + CHAR(10) + 'Channel Labeling: Y ' + CHAR(13) + CHAR(10) + 'Multi Channel Preview: Split screen ' + CHAR(13) + CHAR(10) + 'Audio Output Mode: Stereo ' + CHAR(13) + CHAR(10) + 'Speakers Included: 2 speakers ' + CHAR(13) + CHAR(10) + 'Width: 46.5 inches ' + CHAR(13) + CHAR(10) + 'Depth: 14 inches ' + CHAR(13) + CHAR(10) + 'Height: 34.3 inches ' + CHAR(13) + CHAR(10) + 'Weight: 72.8 pounds ', 1, 1)
INSERT INTO  dbo.[CSK_Store_ProductDescriptor] ([descriptorID],[productID],[title],[descriptor],[isBulletedList],[listOrder]) VALUES(25, 6, 'Technical Specs', 'Screen size: 50 inches' + CHAR(13) + CHAR(10) + 'TV type: Rear projection LCD ' + CHAR(13) + CHAR(10) + 'HDTV capable: Yes ' + CHAR(13) + CHAR(10) + 'Aspect ratio: 16:9 ' + CHAR(13) + CHAR(10) + 'Speaker wattage per channel: 24 watts' + CHAR(13) + CHAR(10) + 'Number of speakers: 2 ' + CHAR(13) + CHAR(10) + 'Comb filter: No ' + CHAR(13) + CHAR(10) + 'Invar shadow mask: No ' + CHAR(13) + CHAR(10) + 'Scan velocity modulation: No ' + CHAR(13) + CHAR(10) + 'Line doubling: Yes ' + CHAR(13) + CHAR(10) + 'Color temperature control: No ' + CHAR(13) + CHAR(10) + 'Includes DVD player: No ' + CHAR(13) + CHAR(10) + 'Includes VCR: No ' + CHAR(13) + CHAR(10) + 'Signal type: NTSC, ATSC ' + CHAR(13) + CHAR(10) + 'Digital Cable Ready: Yes ' + CHAR(13) + CHAR(10) + 'Auto channel setup: Yes ' + CHAR(13) + CHAR(10) + 'Closed captioning: Yes ', 1, 1)
INSERT INTO  dbo.[CSK_Store_ProductDescriptor] ([descriptorID],[productID],[title],[descriptor],[isBulletedList],[listOrder]) VALUES(26, 14, 'Technical Specs', 'Model: HL-R5668W ' + CHAR(13) + CHAR(10) + 'Item Package Quantity: 1 ' + CHAR(13) + CHAR(10) + 'Display Technology: Projection ' + CHAR(13) + CHAR(10) + 'Display Size: 56 inches ' + CHAR(13) + CHAR(10) + 'Display Color Support: Color ' + CHAR(13) + CHAR(10) + 'Image Aspect Ratio: 16:9 ' + CHAR(13) + CHAR(10) + 'HDTV Compatible: Y ' + CHAR(13) + CHAR(10) + 'Channel Labeling: Y ' + CHAR(13) + CHAR(10) + '', 1, 1)
INSERT INTO  dbo.[CSK_Store_ProductDescriptor] ([descriptorID],[productID],[title],[descriptor],[isBulletedList],[listOrder]) VALUES(27, 15, 'Technical Specs', 'Screen size: 4 inches' + CHAR(13) + CHAR(10) + 'TV type: TFT active-matrix LCD' + CHAR(13) + CHAR(10) + 'HDTV capable: No' + CHAR(13) + CHAR(10) + 'Aspect ratio: 4:3' + CHAR(13) + CHAR(10) + 'Number of speakers: 1' + CHAR(13) + CHAR(10) + 'Comb filter: No' + CHAR(13) + CHAR(10) + 'Line doubling: No' + CHAR(13) + CHAR(10) + 'Signal type: NTSC' + CHAR(13) + CHAR(10) + 'Auto channel setup: No' + CHAR(13) + CHAR(10) + 'Closed captioning: No' + CHAR(13) + CHAR(10) + 'Last-channel recall: No' + CHAR(13) + CHAR(10) + 'Multilingual menu: Yes (English, French, Spanish)' + CHAR(13) + CHAR(10) + '', 1, 1)
INSERT INTO  dbo.[CSK_Store_ProductDescriptor] ([descriptorID],[productID],[title],[descriptor],[isBulletedList],[listOrder]) VALUES(28, 16, 'Technical Specs', '12v accessories plug: Yes' + CHAR(13) + CHAR(10) + 'Weight:4.5 pounds', 1, 1)
INSERT INTO  dbo.[CSK_Store_ProductDescriptor] ([descriptorID],[productID],[title],[descriptor],[isBulletedList],[listOrder]) VALUES(29, 17, 'Technical Specs', 'In the box: DVD player, remote control, user''s manual, stereo analog audio interconnect/composite-video cable' + CHAR(13) + CHAR(10) + 'Color: Silver' + CHAR(13) + CHAR(10) + 'Disc capacity: 1' + CHAR(13) + CHAR(10) + 'Progressive scan: Yes' + CHAR(13) + CHAR(10) + '3:2 pulldown: Yes' + CHAR(13) + CHAR(10) + 'Memory card slot: No' + CHAR(13) + CHAR(10) + 'Playback formats: DVD-Video (NTSC, PAL, P-SCAN), audio CD, VCD, CD-R, CD-RW, SVCD, JPG CD, MP3 CD, MPEG CD, DVD+R, DVD+RW, DVD-R, DVD-RW' + CHAR(13) + CHAR(10) + 'Aspect ratio control: Yes' + CHAR(13) + CHAR(10) + 'Dialog enhancer: No' + CHAR(13) + CHAR(10) + 'Integrated receiver: No' + CHAR(13) + CHAR(10) + 'Front-panel operation: Yes' + CHAR(13) + CHAR(10) + 'Quick play: No' + CHAR(13) + CHAR(10) + 'Multi-angle viewing: Yes (with applicable discs)' + CHAR(13) + CHAR(10) + 'Black-level adjustment: No' + CHAR(13) + CHAR(10) + '', 1, 1)
INSERT INTO  dbo.[CSK_Store_ProductDescriptor] ([descriptorID],[productID],[title],[descriptor],[isBulletedList],[listOrder]) VALUES(30, 18, 'Technical Specs', 'Hardware Platform: PC ' + CHAR(13) + CHAR(10) + 'Processor: 2.93 GHz Intel Pentium 4 ' + CHAR(13) + CHAR(10) + 'System Bus Speed: 533 ' + CHAR(13) + CHAR(10) + 'Number of Processors: 1 ' + CHAR(13) + CHAR(10) + 'RAM: 512 MB ' + CHAR(13) + CHAR(10) + 'RAM Type: DDR2 SDRAM' + CHAR(13) + CHAR(10) + '', 1, 1)
INSERT INTO  dbo.[CSK_Store_ProductDescriptor] ([descriptorID],[productID],[title],[descriptor],[isBulletedList],[listOrder]) VALUES(31, 19, 'Technical Specs', 'Hardware Platform: PC ' + CHAR(13) + CHAR(10) + 'Processor: 2.8 GHz Pentium D ' + CHAR(13) + CHAR(10) + 'Number of Processors: 1 ' + CHAR(13) + CHAR(10) + 'RAM: 1000 MB ' + CHAR(13) + CHAR(10) + 'RAM Type: DDR2 SDRAM' + CHAR(13) + CHAR(10) + '', 1, 1)
INSERT INTO  dbo.[CSK_Store_ProductDescriptor] ([descriptorID],[productID],[title],[descriptor],[isBulletedList],[listOrder]) VALUES(32, 20, 'Technical Specs', 'Computer Cpu Speed: 2 ' + CHAR(13) + CHAR(10) + 'Hard Disk Size: 40 GB ' + CHAR(13) + CHAR(10) + 'Operating System: Microsoft Windows XP Professional ' + CHAR(13) + CHAR(10) + 'Hardware Platform: PC ' + CHAR(13) + CHAR(10) + 'Item Package Quantity: 1 ' + CHAR(13) + CHAR(10) + 'Height: 3.9 inches ' + CHAR(13) + CHAR(10) + 'Width: 13.1 inches ' + CHAR(13) + CHAR(10) + 'Weight: 20.1 pounds ' + CHAR(13) + CHAR(10) + '', 1, 1)
INSERT INTO  dbo.[CSK_Store_ProductDescriptor] ([descriptorID],[productID],[title],[descriptor],[isBulletedList],[listOrder]) VALUES(33, 21, 'Technical Specs', 'Hardware Platform: Mac ' + CHAR(13) + CHAR(10) + 'Processor: 1.33 GHz PowerPC G4 ' + CHAR(13) + CHAR(10) + 'System Bus Speed: 133 ' + CHAR(13) + CHAR(10) + 'Number of Processors: 1', 1, 1)
INSERT INTO  dbo.[CSK_Store_ProductDescriptor] ([descriptorID],[productID],[title],[descriptor],[isBulletedList],[listOrder]) VALUES(34, 22, 'Technical Specs', 'Hardware Platform: PC ' + CHAR(13) + CHAR(10) + 'Processor: 1.2 GHz Intel Pentium M ' + CHAR(13) + CHAR(10) + 'System Bus Speed: 400 ' + CHAR(13) + CHAR(10) + 'Number of Processors: 1' + CHAR(13) + CHAR(10) + '', 1, 1)
INSERT INTO  dbo.[CSK_Store_ProductDescriptor] ([descriptorID],[productID],[title],[descriptor],[isBulletedList],[listOrder]) VALUES(35, 23, 'Technical Specs', 'Hardware Platform: PC ' + CHAR(13) + CHAR(10) + 'Processor: 1.73 GHz Intel Pentium M ' + CHAR(13) + CHAR(10) + 'System Bus Speed: 533 ' + CHAR(13) + CHAR(10) + 'Number of Processors: 1', 1, 1)
INSERT INTO  dbo.[CSK_Store_ProductDescriptor] ([descriptorID],[productID],[title],[descriptor],[isBulletedList],[listOrder]) VALUES(36, 24, 'Technical Specs', 'Model: 25323 ' + CHAR(13) + CHAR(10) + 'Item Package Quantity: 1 ' + CHAR(13) + CHAR(10) + 'Power Device: None ', 1, 1)
INSERT INTO  dbo.[CSK_Store_ProductDescriptor] ([descriptorID],[productID],[title],[descriptor],[isBulletedList],[listOrder]) VALUES(37, 25, 'Technical Specs', 'Warranty Labor : 60 Months ' + CHAR(13) + CHAR(10) + 'Type of memory : CompactFlash ' + CHAR(13) + CHAR(10) + 'Capacity : 1GB ' + CHAR(13) + CHAR(10) + 'Warranty Parts : 60 Months ', 1, 1)
INSERT INTO  dbo.[CSK_Store_ProductDescriptor] ([descriptorID],[productID],[title],[descriptor],[isBulletedList],[listOrder]) VALUES(38, 26, 'Technical Specs', 'Item Package Quantity: 1 ' + CHAR(13) + CHAR(10) + 'Length: 2.7 inches ' + CHAR(13) + CHAR(10) + 'Height: 3.5 inches ' + CHAR(13) + CHAR(10) + 'Width: 4.8 inches ' + CHAR(13) + CHAR(10) + 'Weight: 0.7 pounds ', 1, 1)
INSERT INTO  dbo.[CSK_Store_ProductDescriptor] ([descriptorID],[productID],[title],[descriptor],[isBulletedList],[listOrder]) VALUES(46, 2, 'Product Description', '<b>From the Manufacturer</b>' + CHAR(13) + CHAR(10) + 'The DMC-FZ30''s Leica DC Vario-Elmarit lens features 14 elements in 8 groups, including 3 aspherical lenses and an ED (extra-low dispersion) lens which helps to suppress the color bleeding that often occurs in telephoto shots, plus a 12x optical zoom (35mm equivalent: 35 to 420mm). This combines with the large, 1/1.8-inch diagonal 8-megapixel CCD to give you enormous expressive power. The new Extended Optical Zoom, which minimizes the image degradation that normally occurs with digital zooming, gives you up to 19.1x power in 3-megapixel photos, and up to 15x power in 5-megapixel photos. Plus, the 12x optical zoom can be used together with the 4x digital zoom to produce a maximum of 48x zooming power.' + CHAR(13) + CHAR(10) + '' + CHAR(13) + CHAR(10) + '<b>Accurate, Flexible Focusing--Both Auto and Manual</b>' + CHAR(13) + CHAR(10) + 'In addition to five auto focus modes (1-point, 3-point high-speed, 9-point, spot AF, and 1-point high-speed AF with reduced focusing speed), the FZ30 features a ring that lets you manually adjust the focus from 0.98 feet (0.3 meters) to infinity. It also has Manual Focus Assist, a function that shows an enlarged image of the subject''s center in the viewfinder. The One-Shot AF function in manual focus mode lets you focus automatically for a single shot by pressing the "FOCUS" button. The Continuous AF function keeps moving subjects in sharp focus, and the AF Assist Lamp helps in dim lighting. This all adds up to easy, accurate focusing.' + CHAR(13) + CHAR(10) + '' + CHAR(13) + CHAR(10) + '<b>Manual Focus and Zoom Rings with Intuitive Control</b>' + CHAR(13) + CHAR(10) + 'The manual focus ring lets you focus on whatever part of your subject you wish, and the zoom ring lets you zoom in and out easily and accurately as you compose the perfect shot. They''re both fast, so you can capture moving subjects in your composition.', 0, 0)
INSERT INTO  dbo.[CSK_Store_ProductDescriptor] ([descriptorID],[productID],[title],[descriptor],[isBulletedList],[listOrder]) VALUES(48, 1, 'Description', '<b>From the Manufacturer</b>' + CHAR(13) + CHAR(10) + 'The DMC-FZ30''s Leica DC Vario-Elmarit lens features 14 elements in 8 groups, including 3 aspherical lenses and an ED (extra-low dispersion) lens which helps to suppress the color bleeding that often occurs in telephoto shots, plus a 12x optical zoom (35mm equivalent: 35 to 420mm). This combines with the large, 1/1.8-inch diagonal 8-megapixel CCD to give you enormous expressive power. The new Extended Optical Zoom, which minimizes the image degradation that normally occurs with digital zooming, gives you up to 19.1x power in 3-megapixel photos, and up to 15x power in 5-megapixel photos. Plus, the 12x optical zoom can be used together with the 4x digital zoom to produce a maximum of 48x zooming power.' + CHAR(13) + CHAR(10) + '' + CHAR(13) + CHAR(10) + '<b>Accurate, Flexible Focusing--Both Auto and Manual</b>' + CHAR(13) + CHAR(10) + 'In addition to five auto focus modes (1-point, 3-point high-speed, 9-point, spot AF, and 1-point high-speed AF with reduced focusing speed), the FZ30 features a ring that lets you manually adjust the focus from 0.98 feet (0.3 meters) to infinity. It also has Manual Focus Assist, a function that shows an enlarged image of the subject''s center in the viewfinder. The One-Shot AF function in manual focus mode lets you focus automatically for a single shot by pressing the "FOCUS" button. The Continuous AF function keeps moving subjects in sharp focus, and the AF Assist Lamp helps in dim lighting. This all adds up to easy, accurate focusing.', 0, 0)
INSERT INTO  dbo.[CSK_Store_ProductDescriptor] ([descriptorID],[productID],[title],[descriptor],[isBulletedList],[listOrder]) VALUES(51, 14, 'Description', 'Samsung TVs with DLP technology from Texas Instruments take HDTV to the next level with Samsung''s sixth-generation CinemaSmooth 1080p-light-engine high-performance display. Samsung''s innovative DNIe technology delivers a crisp, lifelike picture that''s closer to film, plus there''s never any risk of burn-in or uneven screen aging. Samsung''s 1080p series of HDTVs are engineered to display the full HDTV experience, down to each and every nuance of picture detail that has been captured, broadcasted and received in HDTV. Smooth Film-Like Pixel Free Images Up to 10000 - 1 Contrast Ratio with Outstanding Color and Deep Black Levels Full HD 1920 x 1080p digital format converter for all inputs TV Guide on Screen Interactive Program Guide Latest Generation DNIe Video Enhancer - Samsung''s Digital Natural Image engine makes input signals sharper, clearer and more lifelike 3 - 2 Pull Down cinema motion capability AnyNet System Control Solution No Burn-In or Screen Aging 30-Watt Audio System with SRS TruSurround XT - 15 Watts per channel HDMI Input (High Definition Multimedia Interface) / 2 Component Video Inputs (480i/480p/720p/1080i) / PC Input / 2 Rear A/V Composite Inputs, 1 Side and 2 Rear S-Video Inputs, A/V Outputs and Side A/V Inputs Unit Dimensions - 52.4W x 15.3D x 37.9H / Weight - 80.9 lbs.', 0, 0)
INSERT INTO  dbo.[CSK_Store_ProductDescriptor] ([descriptorID],[productID],[title],[descriptor],[isBulletedList],[listOrder]) VALUES(52, 29, '', '<b>From the Manufacturer</b>' + CHAR(13) + CHAR(10) + 'Witness the evolution of the revolution. First it played songs. Then photos. Then podcasts. Now iPod plays video, changing the way you experience your music and more. Again. ' + CHAR(13) + CHAR(10) + '' + CHAR(13) + CHAR(10) + '<b>Better Yet</b>' + CHAR(13) + CHAR(10) + 'Time for the world''s best music player to take the stage for another encore. In 30 GB and 60 GB* models that hold up to 15,000** songs, full-color album art and up to 25,000 photos***, the new iPod makes the most of your music and more. Yeah, you''ve heard that tune before. Only now, you can watch it, too. With support for up to 150 hours**** of video and a 2.5-inch color display, the new iPod lets you take music videos and TV shows on the road. ' + CHAR(13) + CHAR(10) + '' + CHAR(13) + CHAR(10) + '<b>More and Less</b>' + CHAR(13) + CHAR(10) + 'The new iPod boasts up to 20 hours of battery life*****, five hours more than before. Plus, you get a bigger display and one more iPod color--sleek black. But here''s the kicker: At under half an inch thin, the new 30 GB iPod takes up about 45 percent less room than the original iPod. Even the new 60 GB model is 10 percent thinner than the fourth-generation 20 GB iPod. More features in less space? Sounds like iPod. ' + CHAR(13) + CHAR(10) + '' + CHAR(13) + CHAR(10) + '<b>Hold Everything</b>' + CHAR(13) + CHAR(10) + 'Now you can put all your music in your pocket and still have room for, well, practically everything else. Catch up on your reading with audiobooks. Browse your memories with photo slideshows, complete with music. Watch video podcasts, music videos and your favorite TV shows. Consult your calendar or look up an email address. Even check the time in another city or time your fastest lap. The new iPod keeps it all close at hand. ' + CHAR(13) + CHAR(10) + '' + CHAR(13) + CHAR(10) + '<b>Spin Some Tunes</b>' + CHAR(13) + CHAR(10) + 'The Apple Click Wheel gives you access to your entire music, photo and video library--from one thumb. Control volume and browse using the touch-sensitive surface. Play. Pause. Rewind and fast-forward. Rate your favorites. Create playlists on the go. Launch photo slideshows. The Click Wheel puts everything at your fingertips, so you can keep your eyes and ears on the music. ' + CHAR(13) + CHAR(10) + '' + CHAR(13) + CHAR(10) + '', 0, 1)
SET IDENTITY_INSERT dbo.[CSK_Store_ProductDescriptor] OFF
PRINT 'Finished inserting data in CSK_Store_ProductDescriptor'
GO

SET IDENTITY_INSERT dbo.[CSK_Tax_Rate] ON
PRINT 'Begin inserting data in CSK_Tax_Rate'
INSERT INTO  dbo.[CSK_Tax_Rate] ([rateID],[rate],[state],[zipCode],[createdOn],[createdBy],[modifiedOn],[modifiedBy]) VALUES(1, 0.0825, 'CA', NULL, NULL, NULL, NULL, NULL)
INSERT INTO  dbo.[CSK_Tax_Rate] ([rateID],[rate],[state],[zipCode],[createdOn],[createdBy],[modifiedOn],[modifiedBy]) VALUES(2, 0.0615, 'HI', NULL, NULL, NULL, NULL, NULL)
INSERT INTO  dbo.[CSK_Tax_Rate] ([rateID],[rate],[state],[zipCode],[createdOn],[createdBy],[modifiedOn],[modifiedBy]) VALUES(3, 0.0230, 'AL', '', '7/11/2006 9:15:46 AM', '', '7/11/2006 9:15:46 AM', '')
INSERT INTO  dbo.[CSK_Tax_Rate] ([rateID],[rate],[state],[zipCode],[createdOn],[createdBy],[modifiedOn],[modifiedBy]) VALUES(4, 0.0230, 'AK', '', '7/11/2006 9:18:47 AM', '', '7/11/2006 9:19:03 AM', '')
SET IDENTITY_INSERT dbo.[CSK_Tax_Rate] OFF
PRINT 'Finished inserting data in CSK_Tax_Rate'
GO
